	author	comment
0	matts malmberg	One Of The Greatest! Films of All Time!
1	Jackie Sharp	My mother's favourite film, I didn't know why till I watched it when I was older.
2	æ°¸å­	ç²•è°·ã•ã‚“ã¯ã€å·´ã«ã¨ã£ã¦ãƒ¬ãƒƒãƒˆã®ã‚ˆã†ãªäººã§ã™ã€‚ã ã‹ã‚‰çµ¶å¯¾ã«é›¢ã‚Œã¾ã›ã‚“â€¼ï¸â¤ï¸
3	Stuart Sullivan	Brilliant movie full of gusto action and sadness. Hardship and loss are a terrible thing to withstand but it can be overcome. This film is an inspiration â¤
4	æ°¸å­	ã„ã¤ã‚‚ ç²•è°·ã•ã‚“ã«åŒ…ã¾ã‚Œã¦ã„ã‚‹æ„Ÿã˜ãŒã—ã¦ã€å¿ƒåœ°ã‚ˆã„ã§ã™ ã‚ã‚ŠãŒã¨ã†â¤ï¸ æ„›ã—ã¦ã¾ã™ğŸŒ¹
5	Ğ˜Ñ€Ğ¸Ğ½Ğ° Ğ˜	ĞŸÑ€ĞµĞºÑ€Ğ°ÑĞ½Ñ‹Ğ¹ Ñ„Ğ¸Ğ»ÑŒĞ¼ Ğ°ĞºÑ‚ĞµÑ€Ñ‹ Ğ¼ÑƒĞ·Ñ‹ĞºĞ°.ĞŸÑ€Ğ¾Ğ¹Ğ´ĞµÑ‚ ĞµÑ‰Ñ‘ ÑÑ‚Ğ¾ Ğ»ĞµÑ‚ Ğ° Ğ»ÑĞ´Ğ¸ Ğ±ÑƒĞ´ÑƒÑ‚ Ğ¿ Ñ€Ğ¾Ğ´Ğ¾Ğ»Ğ¶Ğ°Ñ‚ÑŒ Ğ²Ğ¾ÑÑ…Ğ¸Ñ‰Ğ°Ñ‚ÑŒÑÑ ÑÑ‚Ğ¸Ğ¼ Ñ‚Ğ²Ğ¾Ñ€ĞµĞ½Ğ¸ĞµĞ¼ !!
6	Glso	Chaves copiou
7	PREZofUSSA	This song epitomizes the magic of true cinema
8	Jackie Sharp	It was my mum's favourite film, and I love it to especially this tune.
9	Ayat Ullah	900 hundreds eyers ago when railway station facility
10	Jackie Sharp	Seems like everybody wants to forget history but these things happened and should not be forgotten. Great film.
11	Jackie Sharp	How could they wear those frocks?
12	Brk's Miguel	Professor Girafales! Dona Florinda! Que milagre o senhor por aqui! Vim lhe trazer esse humilde presente! NÃ£o gostaria de entrar e tomar uma xÃ­cara de cafÃ©? NÃ£o seria muito incÃ´modo? Claro que nÃ£o. Queira entrar. Depois da senhora.
13	Honesto Villareal	Frankly my dear, I DON'T GIVE A DAMN.
14	Tara Tara	My mom loved this movie and the theme song,, this is why my name came about ( not to mention she is also Irish)
15	Gheorghe Moldovan	Nu imi place muzica ...ok.ğŸ™ˆ
16	DigiVyu	Dona Florinda: nÃ£o gostaria de entrar para tomar uma xicara de cafÃ© ? ğŸ˜ Professor Girafalez: e nÃ£o seria muito incomodo ? Dona Florinda: claro que nÃ£o, pode entrar Professor Girafalez: depois da senhora
17	Maria  Miquel	Your favourite film, my True Love, but YOU won't ever go with the wind. You will be always here, in the whole world and especially in my Heart that will be Yours Forevermore. Salem â¤ Anton Szandor LaVey. Shemhamforash.
18	Maria  Miquel	And this 31 ... LaVey's Halloween ... â¤ğŸ¤˜
19	Maria  Miquel	For you, my everlasting Love. Today, in Your day, and always. Thanks for saving my life from a secure death. The Only really Brave Heart who dared to fight against God's Tyranny. The First and Last Cavalier who fought for the Freedom, for the Peace, for the Truth and Love. Please, if you wish, search information about Him. I assure and promise you all that Anton Szandor LaVey will help you as He helped me. I love you, my beloved, beauty and good Husband. Forevermore. Shemhamforash. (Salem, always Yours) ğŸ¤˜â¤
20	Luis Martins	Que linda era Vivien!â¤ï¸
21	Dog Lover	A good movie for anyone who needs to learn that a life of privilege does not always mean that you get what you want all the time and that privileged people also suffer.
22	Lucinda Moran	Best video short I have ever â¤ seen! With the original beautiful music ! Thank you! Thank you! Tank you!
23	Viorica Neagu	"The most beautiful movie â¤ï¸ğŸ”¥ that i've ever seen.... romantic and full of pasison with a ""Stellar"" cast ğŸŒŸ"
24	Trinity Bond	There was a land of Cavalier and cotton fieldâ€¦
25	Mistress Mary 	just got lost in a wonderful daydream â¤
26	Angela Picraux	Riverpoint amphitheater Dave & Buster's some of the best places to go Discovery zone Chuck-E-Cheese To make it seem easy to Disneyland the tour of Hollywood the tour of the music industry how it came to be a hit from where to where that's where they were to tour in the Statue of Liberty and turn the standing crooked statue of Pz how could it ever be pleasing to anyone or anything everything we have out here and yet we go to work 40 hours of work week and sleep or crabby and irritable and we have no capabilities of getting anywhere even to Nevada no blow our paycheck we can't get anywhere we can't I see so tired and so wiped out how do we get up how do we scream without yelling and shouting write 2307 s c h o t road lot 43 Jefferson City Missouri 65101 let me yell and chat through the FM band through inventions you create that's what I did to get here LaToya Jackson wrapped up in this little baby born next door with the umbilical cord has it where she's able to hold on to these other kids too and she's able to chase me around I don't like having stalkers Elvis Presley's daughter I don't need to stop her grandpa's special magic stuff unlocking retreat
27	dana carter	They said ever person in the world would have to see the movie for David to get his money back ,we are still watching almost a 100 years later , best picture ever â¤
28	Godai Yoko	Unforgetable
29	PAULO BOCCATO	Epic !!! Today? The movies are so trash ...
30	Antonio Manso	I played such theme at so many parties entrance themes. Pastor JBAlmeida Brazil.
31	Christine Mulligan	Magnificent!
32	Christine Mulligan	I loved this song in the early fifties when it was the theme song of Million Dollar Movie and even more when I discovered Gone With the Wind. Later on, I named my beautiful daughter Tara...such a hauntingly beautiful melody...
33	Stuart Joy	Vivien Leigh is one of the most stunning and beautiful women that has walked this planet â¤.
34	Elisanderson	Ohhh, professor Girafales...
35	Churchill	ã€ŒIâ€™ve always had a weakness for lost causes, once theyâ€™re really lost.ã€ That is my most favorite line out of this movie.
36	Chiáº¿n	this piece hit different after reading it
37	Ashley	Wonderful! My mother's favourite film; where she found my name! ğŸ˜ŠğŸ˜Š
38	wicked child	NÃ£o gostaria de entrar para tomar uma xÃ­cara de cafÃ©?
39	Kiran Sampat	Rhett is right to leave Scarlett.He has tried to win Scarletts Affection and Scarlett ran to Ashley all the time.
40	Darla Z	Nothing like it in the world! Beautiful, magical!
41	Phil Hurtado	Back in the fifties, I saw the movie, and at that time channel 8 in San Diego had the daily news, with Taraâ€™s theme as their back ground music. Thatâ€™s when this music, Taraâ€™s theme, became part of my history. I used to tear-up when ever it played, as it reminded me of how a way of life disappeared from history resulting from the civil war, hence the name of the movieâ€¦â€Gone with the windâ€!
42	gehtdich garnixan	Die Kleider- traumhaft
43	Soller Games	- Teacher Girafales! - Miss Florinda! - What a miracle you are here! - I came to bring you this humble little gift.. - Thank you very much! Don't want to come in for a coffee? - Wouldn't it be too much trouble? - Of course not, come in, please. - After you, miss.
44	Deathrow Inmate	I wondered why it was called Gone With The Wind ..... then the scene where all they had to eat was radishes. I understand why.
45	JoÃ©dson Gomes	This song is the theme of the characters: Dona Florinda and Girafales teacher, from the series, El Chavo del ocho, by the eternal Mexican playwright Roberto GomÃ©z Bolanos.
46	Claudia Ferguson	I've always loved this song. And to find out the same composer wrote the Casablanca theme amazes me.
47	Kevin Jones	One of the True Classics. Majestic. The best part was Scarletts Indomitable Will, and her Strength and Perseverance in Rebuilding after the Civil War. Must've been her Irish blood. Great job by Margaret Mitchell on the novel.
48	MG Expressions	ğŸ¥•
49	KatrÃ­n SigurÃ¾Ã³rsdÃ³ttir	Best movie ever. Classic , elegant lovely and sad. Beautiful love story but also so sad ğŸ˜”â¤â¤â¤â¤ğŸ‡®ğŸ‡¸
50	Mat	Professor Girafales... Dona Florinda...
51	Rafael Prados Barbosa	Vim lhe trazer esse humilde presente
52	Elora 17	Perfect film. Takes us away from the craziness of today â€¦
53	Vangrun	â¤ï¸â¤ï¸â¤ï¸ so beautiful â¤ï¸â¤ï¸â¤ï¸
54	Elizabeth Mendes	ğŸ˜ğŸ˜˜â¤â¤â¤â¤â¤â¤â¤â¤â¤â¤â¤â¤â¤â¤â¤â¤â¤â¤â¤â¤â¤â¤
55	Margarida Truth	Every Christmas, in my childhood we sat to watch this moovie. Many years in a row. My eyes cry missing those free, simple and happy days. Miss my familly members that are not in this realm anymore. Merry Christmas every one out there. Love from Portugal ğŸ‡µğŸ‡¹ğŸ’–ğŸ…
56	Renato	-Professor Girafales -Dona Florinda
57	Sam	This movie has a grandeur all its own. The score is unforgettable. Who has not found himself humming it, as he goes about his day? The casting is sheer perfection, although I wish Olivia de Havilland were not quite such a milksop. I think I actually like Leslie Howard best, despite being permanently in love with Vivian Leigh. As for Clark Gable, he ceased being Clark Gable after this film was made. He's Rhett Butler, now and forever.
58	Ivan Lussich	I am an Uruguayan senior citizen. I saw this movie 3 times: in my teens, in my forties and in senior age. First two times it did not quite impress me, but last time I was thrilled to see Gable, Leigh and Howard's performances. And the picture overall is fantastic.
59	amour yvette	Great movie, great actors, great music and perhaps a lesson for mankind. Going through with your lifeâ€™s even there are though things crossing your pad. Hope, trust , believe and love : I think thatâ€™s the message of the movie. And never lost faith ğŸ˜¢ğŸ‘¼ğŸ»ğŸ¦‹ğŸ•ŠğŸ¤ğŸŒ¹
60	john francis	The music is so evocative bringing the whole sweep of the movie to the listener.
61	Davi Vogel Zimmer	-Professor Girafales? -Dona Florinda!
62	Sandra12	My mother adored this movien and even more Vivien Leigh. She thaught me to love this film as well. And just this day I realized that they had the same birthday, november the 5thğŸ‰ I wish my mother knew. She passed away 2018. But this movie and music reminds me so much of her. ğŸ’–
63	Evelyn Hofmann	Greatest Movie ever...watch it every Chance I can...still cry at the ending Because I wanted them Scarlett and Rehett to be together...Fell in love With Mr. Gable at the age of 10 yrs. My daughter is named Tara in honor Of this classic...NEVER NEVER will Tire of this classic....thank you for This video of clips....
64	Lucas Almeida Peixoto	This song is very similar to the wedding song of Professor Girafales and Dona Florinda. In the series Chaves.
65	jona edvards	Best movie ever made â¤ï¸â¤ï¸â¤ï¸
66	Abandon All Hope.	I think Gerald Oâ€™Hara was the wisest man in the series. He was right about everything in the end. Tara is and was the only thing Scarlett ever has and will have after all is said and done.
67	karen hall	I'm sitting at work listening to this and it's such a relaxing piece of music.
68	David Cardone	Frankly my Dear I don't give a Damn!
69	parakeet8157	Epic moments went into the making of an epic classic.
70	Dark Paradise	"Before watching this movie I couldn't answer ""What's your favorite movie?"" . But after watching Gone With The Wind I can say that without any hesitation..."
71	Joe Echo	"I believe this is where Ennio Marricone had his inspiration for ""Once Upon A Time in the West."" But, frankly, my dear? I don't give a damn."
72	Brett Duffy	The Old South seemed like such a romantic time love to live back then but I wouldn't hate it not having air conditioning
73	Your awesome	There is something magical about this film
74	Malcolm Harris	Unquestionably the greatest music score in film history.
75	Bruce1956	One of the great movies. 1939 was a great year for movies.
76	LowRanger	Tara's Theme gives me goose bumps over my entire body. What an inspired composition.
77	å‚äº•æ½¤	ä¸–ç´€ã®å¤§æ‚²æ‹ç‰©èªã€‚
78	Mateus Santos	- Professor Girafales - Dona Florinda - Que milagre o senhor por aqui - Vim lhe trazer este humilde presente - Ah, nÃ£o quer entrar e tomar uma xÃ­cara de cafÃ© - NÃ£o serÃ¡ muito incÃ´modo? - Mas Ã© claro que nÃ£o, entre - Depois da senhora.
79	elk	And so shall tomorrow be another day, So will we always find another way.
80	Timmy Begley	This is my favourite MOVIE of all Time.
81	Gryfenfer	Rip Vivien Leigh and Clarke Gabble.
82	Vitorio	NÃ£o gostaria de entrar e tomar um banhaÃ§o de Ã¡gua fria?
83	Tranks	Professor Jirafales!!!!!!
84	Bebe Brez-Kal	Stop destroying our country with your racist bs...there are much worse things happening in this world like ABORTIONğŸ˜ª ...which the left is for...go figureğŸ˜....TALK ABOUT SINS ğŸ˜’
85	Pina Colada	"The best quote I can think of to summarize the movie is this: ""That which Fortune has not given, she cannot take away"" by Seneca, a Stoic philosopher"
86	Jerry Santos	nice theme and actress
87	Morris Ng	2021/07/10 ğŸ’
88	Gusutabo-kun	Professor Girafales! Dona Florinda! Que milagre o senhor por aqui! Vim lhe trazer este humilde presente. NÃ£o gostaria de entrar para tomar uma xÃ­cara de cafÃ©? NÃ£o seria muito incÃ´modo? Claro que nÃ£o! Queira entrar. Depois da senhora.
89	east sea	íƒ€ë¼ì˜ í…Œë§ˆëŠ” ì–¸ì œë‚˜ ë‚˜ë¥¼ 10ëŒ€ ì‹œì ˆë¡œ ì´ëˆë‹¤..ì˜¤ ..ë ˆíŠ¸., ì˜¤ ìŠ¤ì¹¼ë ›!!
90	Movie Part 2	"*Gone with the Wind (1939)* f'u""l'l M'o'V'i""E Original Film in Here â© [[ https://is.gd/bFH7AB ]] All Subtitle, High Quality Video ğŸ’–ğŸ–¤â¤ï¸ä»Šå¾Œã¯æ°—ã‚’ãƒ©ã‚¤ãƒ–é…ä¿¡ã®å†ç·¨ã‚ã‚ŠãŒã¨ã†ã§ã™ï¼ã“ã®æ—¥ã®ãƒ©ã‚¤ãƒ–é…ä¿¡ã¯ã€ã‹ãªã‚‰ã‚Šã‚„ã°ã‹ã£ãŸã§ã™ã­ï¼ ï¼‘ä¸‡äººã‚’è¶…ãˆã‚‹äººãŒè¦‹ã¦ã„ãŸã‚‚ã‚“ï¼ˆç¬‘ï¼‰ã‚„ã£ã±ã‚Šäººå‚æœ€é«˜ï¼ã¾ã•ã‹ã®ã‚«ãƒ¡ãƒ©åˆ‡ã‚Šå¿˜ã‚Œã§ã‚„ã‚‰1ã‹ã—ãŸã®ã‚‚ãƒ‰ã‚­ãƒ‰ã‚­ã§ã—ãŸ,. ğŸ’–ğŸ–¤åœ¨æ•´å€‹äººé¡æ­·å²ä¸Šï¼Œå¼·è€…ï¼Œå¯Œäººå’Œå…·æœ‰ç‹¡çŒ¾ç‰¹è³ªçš„äººæ•é£Ÿéƒ¨è½ï¼Œæ°æ—ï¼ŒåŸé®ï¼ŒåŸå¸‚å’Œé„‰æ‘ä¸­çš„å¼±è€…ï¼Œ ç„¡`'å®ˆå’Œè²§çª®æˆå“¡ã€‚ç„¶è€Œï¼Œäººé¡çš„ç”Ÿå­˜æ„é¡˜è¿«ä½¿é‚£äº›è¢«æ‹’çµ•ï¼Œè¢«å‰å¥ªæˆ–æ‘§æ¯€çš„åŸºæœ¬éœ€æ±‚çš„äººå€‘æ‰¾åˆ°äº†ä¸€ç¨®ç”Ÿæ´»æ–¹å¼ï¼Œ ä¸¦ç¹¼çºŒå°‡å…¶DNAèå…¥ä¸æ–·ç™¼å±•çš„äººé¡ç¤¾æœƒã€‚. èªªåˆ°é£Ÿç‰©ï¼Œä¸è¦ä»¥ç‚ºé‚£äº›è¢«æ‹’çµ•çš„äººåªåƒåƒåœ¾ã€‚ç›¸åï¼Œä»–å€‘å­¸æœƒäº†åœ¨è¢«å¿½è¦–çš„è‚‰é¡å’Œè”¬èœä¸­å°‹æ‰¾ç‡Ÿé¤Šã€‚ä»–å€‘å­¸æœƒäº†æ¸…æ½”ï¼Œ åˆ‡å¡Šï¼Œèª¿å‘³å’Œæ…¢ç‡‰æ…¢ç‡‰çš„é‡èœå’Œè‚‰é¡ï¼Œåœ¨é£Ÿå“: todos los subtÃ­tulos Tessa se encuentra luchando con su complicada relaciÃ³n con Hardin; se enfrenta a un dilema que podrÃ­a cambiar sus vidas para siempre. TÃ­tulo despuÃ©s de que chocamos Elenco Josephine Langford, Hero Fiennes Tiffin, Shane Paul McGhie y mÃ¡s ... PaÃ­ses Estados Unidos de AmÃ©ricasrw"
91	Nevada	PROFESSOR GIRAFALES... DONA FLORINDA... QUE MILAGRE O SENHOR POR AQUI...
92	lemon	from someone who plays in the band and understands music ( a little bit), this piece is AMAZING! this piece is a wonderful opening song for a symphony, itâ€™s very beautiful and expresses the whole movie. you can feel every emotion throughout the movie in this piece and it gives me goose bumps. growing up as a band kid i never liked older pieces like this from movies, but now i appreciate it so dearly much.
93	Isa Pons	un classique de film VIVIEN LEIGH splendide actrice comÃ©dienne cÃ©lÃ¨bre c est un Ã©crin de beautÃ©
94	Julio Nicolella	Dona Florinda e Professor Girafales.
95	Jack C. DiBenedetto	Theme song for million dollar movie
96	DÃ©bora Souza de Oliveira	Esse filme faz parte de minha vida.....
97	Bolt	Would she have behaved right if Ashley Wilkes had, from the start , decided to have her as his lover/bearer of his children? Or would she have made him miserable too...
98	Playcenter	"""Professor Girafales! Dona Florinda..."""
99	Claudia Elizabeth Rojas Orellana	Clark geiboll un galanazo de Hollywood se llamaba rex creo en la pelÃ­cula y vivian leigth que era Scarlett ohara fue escogida como entre 200 actrices
100	Claudia Elizabeth Rojas Orellana	Ya fallecieron todos los actores de la pelÃ­cula
101	Claudia Elizabeth Rojas Orellana	Sin duda alguna es la una clÃ¡sica del centro me de Hollywood de corte romÃ¡ntico lo que el viento se llevÃ³ , el aÃ±o pasado muriÃ³ la Ãºltima sobreviviente de la pelÃ­cula Olivia de havilland ahora ya murieron todos dejan un gran legado
102	gonzaemon h	Best of Tara's Theme in Youtube
103	Darryl Seamans	I never saw this movie, but the theme is iconic. Beautiful
104	hollieollo	One of the very few films where the score actually mimics the great scenes in the film. This film brought home the utter futility of the American Civil war and the endless sadness that war brought, the ramifications of which we still see today. Whoever did the casting, I hope they got an oscar.
105	Austin Berens	Why does this give me chills
106	Rubens Pereira de Melo	tema do melhor filme de todos os tempos musica linda filme maravilhoso
107	LabelBob	Touch this music and you will pay the price. NO! I wonâ€™t be â€œniceâ€ the cancelers will be CANCELED
108	Tamara Penn	Could you please repost your Bleeding Love GWTW video and your Scarlettâ€™s Pokerface video? Those were awesome!
109	Sandy Blue	I did not know the oening musicwas taras theme
110	Spyro and Cynder	I Love scarlet
111	Gustavo Lessa	Dona florinda Professor girafles
112	Nala G. Bunny	Cade os br
113	Honesto Villareal	I'll think about these tomorrow. After all, tomorrow is another day.
114	Ariovaldo Moraes	Muito linda essa mÃºsica
115	Audrey Ann	One of the best pictures of all time. I'll go watch it now.
116	Halina	ğŸµPRZEMINÄ˜ÅO Z WIATREM. KOCHAM OD ZAWSZE B R A V O POLAND 2020
117	Nevalster	For the Million Dollar Movie on WOR TV Channel 9
118	spelling	so true ğŸ˜ğŸ˜ğŸ˜
119	Ashley FlorenÃ§a	D O N A F L O R I N D A
120	squiggly line	Tragic movie in a way.
121	Mr data	The good ol days
122	Christina	When my mom passed she left a plaque with a hand painted woman and her husband in a horse wagon that plays the theme my cat loves it so I cranked it up then cranked it up on u tube
123	Felipe Santos	Gostaria de entrar para tomar uma xÃ­cara de cafÃ©?
124	Dee No	The wife of the composer ,Max Steiner, attended our wedding and this song was played while guests were seated. Special song special memory.
125	Elizabeth Kessler	LoveğŸŒ¬ğŸ’œ
126	Leoncino Argentino	Vespa song
127	Andreia Guerrero	There's something about this music that touches my very soul and brings me to tears everytime I hear it.
128	I love movies	I just saw this version of GWTW. The HD is fabulous. well done
129	Lana S	oh I love this movie sooo much!
130	Pamela Pradera Wagner	ESTELAR Y POR SIEMPRE. . . *
131	Christine Mccoach	Nm,uuuuuujyyyy
132	nature freak	Men of the time were usually not clean shaven. Beards were the standard. Men also had longer hair. Sometimes very long.
133	ì¡°ì–µí˜„	ë„ˆë¬´ë‚˜ ì„œì •ì  ë‚­ë§Œì  ì•„ë¦„ë‹¤ìš´ ì˜í™”ì…ë‹ˆë‹¤ ì˜ì›íˆ ê¸¸ì´ë‚¨ì„ ëª…ì‘ì…ë‹ˆë‹¤
134	Andre Luiz	Simply, the best film of all>
135	Augh Bable	Vivien Leigh is like Audrey Hepburn, Grace Kelly and Rita Hayworth combined together. That is how much density she personified.
136	Captain Deadeye	RIP Olivia Dehavilland.
137	Young Raines	Another classic - Vivien Leigh & Clarke Gable - they no longer produce such epic movies. The story line is embedded in historical times during the turbulent Civil War era - a very sad part of our history indeed. Vivien Leigh is breathtakingly beautiful. Clarke Gable is such a charming gentleman.
138	sonicgoon Pics	Trump was right bring back â€˜Gone with the windâ€™
139	dick hunter	Greatest grossing movie of all time, and those liberal, leftwing socialist blmers want to ban it. Took my first wife to see it on our first date and we became engaged right then. Forty-seven glorious years with her before the Lord took her home.
140	Robert S. J. Hu	"Aloha Tara's Theme in ""Gone With The Wind"" and EternaLveStory08 !!! Thank you so much for this posting !!!!! I have seen this movie at least 60 times and still can watch it over and over again !!!!!!!!!! This story will live for eternity !!!!!!!!! A grateful fan, Robert S.J. Hu August 11, 2020."
141	Rainer Bandow	Ein Kult Film und das erste mal das eine Farbiege Schauspielerin ein Oska fÃ¼r Ihre Rolle Bekam
142	Johnny Johnson	Dona Florinda!
143	Steve solo.	I have loved watching this magnificent masterpiece of a Hollywood silver screen movie with my mum since I was five years of age iam now fifty years of age God bless Olivia de Havilland and all the magnificent cast and crew who made this film possible RIP.ğŸŒ¹ğŸ™ğŸ•Šï¸
144	Caty Cheneval	RIP Melany
145	menukjau	Sad to hear that the last great actress of the golden age of Hollywood have passed away..RIP Olivia!
146	Hengul Barua	R.I.P Olivia de Havilland (1916 - 2020) A great actress who will be greatly missed! ğŸ’”
147	Silver Arrow	R.I.P. Olivia de Havilland
148	Marchawc	Farewell Olivia de Havilland, 1 July 1916 - 25 July 2020.
149	Angel Castaneda 98	This month, she celebrated her 104th birthday. And now, she has left us. RIP to the legendary Olivia de Havilland (1916-2020).
150	Alexander Salter	Rest in peace Olivia de Havilland...
151	Linda Qamar	....ğŸ¼ğŸ¶ğŸŒ¹...musique grandiose ..film sublime et Vivien Leigh (Scarlett) ce rÃ´le lui va comme un gant..câ€™est une actrice Ã  multiples facettes...elle les incarnent Ã  la perfection...tout simplement divine ğŸ¥°ğŸŒ¹ğŸŒ¹ğŸŒ¹. merci ğŸ™ğŸ¼ pour ce beau partage
152	David Johnson	Never forgotten
153	Frank Hogan	My 2nd Favorite Theme After Raise The Titanic (1980)
154	Ron Mead	I'm surprised that You Tube hasn't banned GWTW. I thought it was a Woke organisation!
155	daniel C.	m Mammy was great. No wonder she won an academy award for her part.
156	Barry Etherton	2020 makes you understand why you should own land, that is one thing no one can make more of.
157	AthenaCannon	I had a business trip to Atlanta GA and I heard the Margaret Mitchellâ€™s house was a famous spot. So I went there and took pictures. I didnâ€™t know whoâ€™s is Margaret Mitchell, why her house was there, now I think I need to make chance to go to Atlanta again.
158	Joseph Dunlap	Great movie that deserves preservation from the â€œWokeâ€ Marxists groups!
159	Glen Christenson	WELL WHAT'S CIVILIZATION COMING TOO? B LI ACK LIVES MATTER NO MORE CLASSIC MOVIES BLACK FACE LIL RASCALS ANYTHING TO DO WITH BLACKS! GETTING RID OF FLAGS PAST PRESIDENTS ETC WHAT'S NEXT? STREET SIGNS NO MRE WEARING BLACK CLOTHES BLACK SHOES HAVE WE ALL GONE MAD? DON'T YOU KNOW WE'VE ALL BEEN CREATED IN THE IMAGE OF GOS satan's stirring the POT! AND IS LAUGHING EVERY SECOND WE GO AGAINST ONE ANOTHER! WE'D BETTER FIX THIS OR WE'LL HAVE ANOTHER CIVIL WAR AND THIS TIME NO ONE WILL CARE WHAT RACE YOU'RE? WAKE UP PEOPLE BEFORE IT'S TOO LATE HISTORY DOES REPEAT ITSELF!
160	Michael Brock	Frankly my dear I don't give a damn if this is now labelled racist, it shouldn't be banned.
161	There's A Great Big Beautiful Tomorrow	ã‚‚ã—å­ä¾›ãŒã§ããŸãªã‚‰ã€ã“ã®æ˜ ç”»ã¯çµ¶å¯¾ã«è¦‹ã›ãŸã„
162	M. B. ğŸ‘¸ğŸ»	He loved her so much ....way too much I think
163	Olivia Harlfinger	Hattie McDaniel won an Oscar for her performance in this beautiful movie, now she will be forgotten. How sad!
164	Olivia Harlfinger	The best movie of all time and now itâ€™s being taken away from us. Frankly my dear people, I DO give a dam!
165	John Ossmann	For those of us who grew up in the 1960s and 70s, in the New York/New Jersey area, Channel 9, WOR-TV used this song just before the start of the Million Dollar Movie. Always a great memory of those times.
166	æ¥Šå‰è’‚	My most favorate movies all times
167	Eileen Pollock	This was beautifully done, and the music was for once, appropriate. Every key scene brought back memories of the whole. GWTW is a classic and I hope it will always be shown. I was 9 years old when it first came to the movies in a rerun. I could hardly wait, as I'd read the book in second grade. It kept being rerun over a period of years.
168	Johnny Gainor	I love this, beautifully done ~
169	Michael Hanley	":::Whistle: :: ""Has the War Started?"""
170	R T	Frankly, my dear, there will always be a Gone With The Wind no matter what.
171	Ashley Hallows	I can't believe the Government have now banned Gone with the Wind the world's gone mad and I've had enough !
172	Michael Behan	I have watched this magnificent movie (in my opinion, the greatest movie ever made) more than 15 times and I never get sick of it! As for HBO and the woke wankers who make up the company all I can say is it donâ€™t give a damnâ€™ about your contrived indignation! You are just cowards who buckle at the first sign that some little pissant may get their feelings hurt! Grow some balls and stand up for the 99% of people who see this as a MOVIE! Pathetic losers. I hope you go broke!
173	Shambhala Libertalia Iram	My family kept watching this movie back home years ago via VCD, and today, my brother and I rewatched it again via HBO Max. It is indeed a timeless movie! One of my favorite of all time, along with One Flew Over the Cuckoo's Nest, River Kwai, Lawrence of Arabia, GBU, Once Upon a Time Trilogy, Stanley Kubrick Films, Waterfront, Wonderful Life, Chinatown, Citizen Kane, Casablanca etc.
174	Mark Warner	So am I a racist if I want to watch this film then
175	susan m	A Masterpiece!!! This song is a masterpiece that brought up morals, pride and loyalty, death, repentance courage and forgiveness through the movie Gone With the Wind, A true work of art! No should try retro fit this movie to reflect the year 2020.
176	PSW47	I bought mine a few years back.
177	mkaberli	What, YouTube or google or whomever hasnâ€™t blocked this yet.
178	Truck Camper Canada	Quick, Download before the mob comes for it!
179	Michael Lo	Terrible that this movie cannot be watched anymore on hbo or This lovely song played at Georgia football games. Such a shame.
180	Jeremy Brown	Classic movie and should be protected. History good or bad needs to be.
181	Rem	Georgia on my mind >>>
182	Meadowlark Clawhammer	On 06/19/20, this very song was deemed to be racially insensitive and no longer allowed to be played by marching bands.
183	D.M. Hubble	Replaced by Georgia on My mind??
184	James Knoll	Once a Dawg, Always a Dawg, how sweet it is.... despite UGA ending Tara as a school song
185	Donald Mcauliffe	This is june. 2020 they ban gone with the wind the book and the movie l cant believe it. It be around since 1939
186	FJG	"Scarlett O'Hara: ""I'll think about that tomorrow. Tomorrow is another day."" Well Scarlet, it's today and we are thinking about it. And, we give a damn."
187	Maureen McDonough	My favorite movie of all time
188	Maureen McDonough	My favorite movie of all time
189	Maureen McDonough	My favorite movie of all time
190	Yuaenaìœ ì• ë‚˜	So society has deemed this movie too racist...now if I listen to this track on repeat am i racist???
191	LÃ©o de Oliveira	Professor Girafales..... Dona Florinda......
192	Daniel Arick	T.V.s future Superman was in this I don't remember his characters' name but George Reeves had a small part in this classic bit of Hollywood
193	Art	Que milagre o senhor por aqui!ğŸ˜ğŸ˜
194	Sonic, the Accursed	Professor Girafales...
195	Luis Felipe	NÃ£o gostaria de entrar para tomar uma xÃ­cara de cafÃ©?
196	Cryptonymicus	The only good thing about this film is that it provided a theme song for The Million Dollar Movie lol.
197	Lommy	The best soundtrack, and cinema was still so young.
198	Koichi AKIYAMA	The best cinema in the history. Is it this one maybe, or Ben-Hur?
199	Richard Clifford	Today's movies ain't got the same soul as the old classics!
200	Virginia Chapman	My mothers favorite movie of all time. RIP JEAN WILKINSON of Bay City Texas born 3/20/1835 died 5/72013 . You fought a vallient battle with breast cancer.. Love you and miss you, your only child Booger
201	raulpr777	"Is ""Tara"" a reference to the Hill of Tara from Ireland? In the movie her father is from Ireland."
202	Rose flower	Vevian Leagh's beauty..!!!!!ğŸ‘ŒğŸ‘ŒğŸ’“ğŸ’“ğŸ’“ğŸ’“ğŸ’“ğŸ’“ğŸ’“ğŸ’“ğŸ’“
203	Alisha	ğŸ”˜ Latest and most complete movie collection ğŸ‘‰: numberone313movies.blogspot.com/ ===================================================== Adunay mga sine Gitugotan niini ang mga salida nga ipanghatag sa halos
204	Albert12324	This movie is incredible.
205	Kim G	Just watched GWTW yesterday for the first time! I loved it, but really those words don't capture how I feel about it. It was beautiful. Especially the music.
206	Pkoswald	To think, this guy went from making trash like this to composing the legendary hotel Mario theme. What a champ
207	mary alice webberking	Among the great
208	James Palmer	I shall never plant another carrot.
209	icyhugs	"""Why, land is the only thing in the world worth working for, worth fighting for, worth dying for, because it's the only thing that lasts ""God as my witness, I shall never be hungry again!"" ""Frankly My Dear, I don't give a damn!"" So many great lines from this classic!"
210	Matheus Riquelme	O que vem na minha cabeÃ§a â˜•ğŸ’ #Elchavodel8
211	sierra rustad	Some days I wish I could have experienced the golden years of Hollywood. Go to the theaters and watch masterpieces like this. I love the present but something about that time in Hollywood is something unique altogether.
212	Son Hm	l still miss
213	Pankaj Shah	Argubly one of the finest n greatest movie if all time, though released in 1939 stll looks fresh as if today.Written by Margaret Mitchell,directed by Victor Fleming n xllant n touchy composition of great Max Steiner.Perhaps the debut movie of Vivian Leigh.Clark Gable n Olivia De Havilland are superb.Must watch as all in one.ğŸ’ğŸ’ğŸ’
214	Harold Kay	I think they should use this during narration of the news
215	Br Alan Parham	One summer I read the book. Then I went to Atlanta with some friends. I think I was hearing the score in my head the whole time.
216	Ray	Instead of stuyding for my exam tomorrow, I'm listening over and over to this. After all, tomorrow will be a new day!
217	Xopxe Lope	Simply the best!
218	è¬å§«	ã¾ã æœ¬ä½œã‚’é€šã—ã§è¦‹ãŸäº‹ã¯ç„¡ã„ãŒã€ã“ã®ãƒ†ãƒ¼ãƒæ›²ã ã‘ã¯ã€å¹¼å°‘ã®æ™‚ã‹ã‚‰çŸ¥ã£ã¦ã„ã‚‹ç¨‹ã®åæ›²ã€‚
219	Joshua Ortiz	Tara is a place not a persons name thus it is not apostrophed. It is The Tara Theme.
220	Warren Putnam	All right low-key I kind of want this to be my first dance song at my wedding
221	Donald Mcauliffe	Jan 2020 a friend of my got me the book gone with the wind for Christmas l am half done with it the book is better than the movie was l saw the movie gone with the wind for firsr time on the big screen in 1980 in new York city
222	SightSeer	If we Make America Great Again, we will return to those sweet days of chivalry and refinefment, where everyone knew their place.
223	Donald Mcauliffe	I remember in 1980 in new york city l got to see gone with wind on the big screen
224	easy street	I feel sorry for the 178 people who did not like this as i vote it up.
225	JoJo Joestar	Chaves
226	Shiine (VHF CH.10)	0:42-1:03 A segment where a Japanese TV channel used in its ancient sign-on back in 1970.
227	Niamh HA	I was born in 2003 and even I feel nostalgicğŸ˜‚.
228	elena stoica	È˜i mÃ®ine e o zi..ğŸ¥€ğŸ’ğŸ¹ğŸ¼ğŸ”â¤ï¸ğŸŒ ğŸ’‹ğŸ’‹ğŸŒ â¤ï¸ğŸ”ğŸ¼ğŸ’ğŸ’ğŸ’ğŸ’ğŸ’
229	vonstolzing1	Me importa un bledo. MaÃ±ana serÃ¡ otro dÃ­a.
230	Teena	One of the best movies.. ever.. ğŸ™ğŸ»ğŸ™ğŸ»ğŸ”ğŸ”â™¥ï¸â™¥ï¸
231	Antonio Pinto	Um dos temas mais bonitos do cinema, num dos filmes mais espetaculares de sempre. Elenco formidÃ¡vel.
232	Michael Behan	My grandmother, who died about 20 years ago, first saw this when it was released in 1939. Her and I both watched it on DVD with sound blaring through the surround sound system. It was like she had been transported back to her first viewing. Since then I have worn out two copies of the DVD and have the sealed anniversary edition (with another for me to watch)! One of the greatest movies ever made!
233	97kos	Love this theme so much! Maybe, when I will have more time, I will see from beginning till the end this movie ğŸ’• With beginning, 2:35 to 3:04 is the best part!
234	JosÃ© Paes	Mas nÃ£o seria muito encomodo?
235	Tara Tsuchida	My name is Tara. Thanks, Gone With The Wind.
236	The One Who Knocks.	Frankly my dear, Butler didnâ€™t giv a FuC. Said so himself.
237	ç´°äº•ç”±ç¾	ãƒ“ãƒ“ã‚¢ãƒ³ãƒ»ãƒªãƒ¼ãŒå±‹æ•·ã®ã‚°ãƒªãƒ¼ãƒ³ã®ã‚«ãƒ¼ãƒ†ãƒ³ã§ãƒ‰ãƒ¬ã‚¹ã‚’ä½œã‚‹ã‚·ãƒ¼ãƒ³ã‚’ã‚„ã‘ã«é®®æ˜ã«è¦šãˆã¦ã„ã¾ã™ã€‚å°å­¦ç”Ÿã«ã¯æ„›ã®ä½•ãŸã‚‹ã‹ã¯ç†è§£ã§ãã¾ã›ã‚“ã§ã—ãŸãŒã€å¤•é™½ã®ä¸­ã«ç«‹ã¤ã‚¹ã‚«ãƒ¼ãƒ¬ãƒƒãƒˆãƒ»ã‚ªãƒãƒ©ã¯ç¾ã—ã‹ã£ãŸ
238	Julio Villlegas	No he visto mejor pelÃ­cula que esta......y dudo hagan una que la supere.......
239	Howard Lee	ì–¸ì œ ë“¤ì–´ë„ ì‹œì›í•˜ê³  ê°ëª…ì„ ì£¼ë„¤ìš”. ê°ì‚¬í•©ë‹ˆë‹¤,
240	Vanguarded_Heart 117	There will never be movies like this again. There won't be anymore inspiring writers or screen adaptors in Hollywood anymore.
241	Jimmy O'Sullivan	For my beautiful for Auntie Eilish and her wonderful daughter Tara.
242	patrick ryan	Wonderful movie, wonderful music; wonderful players. This movie though MUST be seen on the big screen (that is in a movie theater). 7/2019
243	Sharon Fain	I love this First time I saw it was a theater in New York of all places Lol Iâ€™ve never stopped watching Iâ€™m hooked on it an got my now 26 years old granddaughter as crazy about it as I am . The book has more detail but no one could replace these characters I see them when I read it . I read it once a year in the winter the movie all the time . Grand old beautiful south!
244	unstoppableExodia	I know this music through a light hearted satirical series called Star stories that repurposed it to be its theme music. I discovered by chance that it's actually from gone with the wind
245	Tadeu Teodosio	Dona porcaria ......
246	JosÃ© Paes	Professor Girafales
247	TheBoomhahaha	"""Why, land is the only thing in the world worth workin' for, worth fightin' for, worth dyin' for, because it's the only thing that lasts."""
248	Danny Luo	Is it just me or this score always makes me cry?
249	Buteco dos Mequetrefe	- Professor Girafales... - Dona Florinda... - Que milagre o senhor por aqui. - Vim lhe trazer este humilde presentinho. - Oh! Mas nÃ£o quer entrar pra tomar uma xÃ­cara de cafÃ©? - NÃ£o seria muito incÃ´modo? - Oh! De maneira nenhuma! Queira entrar... - Depois da senhora...
250	Mes Marriott	So poignant .
251	enrique brun	Radio Orquestada FM, mÃºsica instrumental gratis y sin publicidad. orquestadafm.com Te esperamos!
252	philip norris	An all-time classic, even though I don't agree with the sentiments; as in 1939, so in 2019.
253	Anna L. Vajda	I could recite this backwards and forwards when I was 10. Still can.
254	Michael James	That Viktorian age and the rules
255	Kendall2001	I first saw this movie on TV in the 1970s but then I was fortunate enough that when I went to visit my relatives in Colombia, we found a beautiful theater with a big screen which was showing Gone With The Wind. I went to see it with my cousin. I was about 11 and she was about 15 and we enjoyed the movie very much.
256	Juan Pedro Robotop	Wonder foolish !
257	RossKroft96	Hi I'm Joyce television for women
258	Alexandre Ribeiro	Eles criaram mas o chaves patenteou kajsdkadjak
259	Luan Marques	80 years of magic!
260	GÃ¤brÄ±Ä“Å‚ SÃ¥ntÃ¯ÄgÃ¸	*QUE MILAGRE O SENHOR POR AQUI*
261	federica marcuz	2019?
262	Chris Ha	"BEST FILM OF ALL TIME! (Known as ""The Million Dollar Movie"") Best theme ... and I remember when Channel 9 in the NYC area had a weekly movie series called ""The Million Dollar Movie"" ... every Sunday and it played that theme song. And look what I just found: https://www.youtube.com/watch?v=BPTQRmwCOWs ... the theme is etched in my soul. Beautiful and my folks loved that movie so much it brings back loving memories of them. From the era when they knew how to produce a REAL MOVIE!"
263	Pils Nrimgaard	Vivian Leigh was the most beautiful actress to EVER grace the silver screen.
264	Edwin Yeong	Gone with the wind the great show .
265	Cristiano michel	Assistia esse filme quando era crianÃ§a que bons tempos
266	Rodica Doinita	Oh my God how can she be so splendid this Vivien Leigh she's a perfect Scarlett!!!!!! A perfect film with great actors.. ..... Unforgettable ğŸ’ğŸ’ğŸ’ğŸ’ always take a bow when I watch. Too bad we see only naked bodies and guns nowadays....no meaning no significance no nothing ğŸ˜•ğŸ˜³ğŸ˜’
267	Giovani Oliveira	Dona Florinda e Professor Girafales...
268	mike89128	700 page script and 50+ speaking parts. Today it's 90 pages and 15-25 speaking parts.
269	Goldfinger	Classic. Timeless. Though I did not understand it one bit! Clark Gable!
270	karnak50	Wow..watch it every Christmas..what a film and music score. im blessed
271	Hoten Hitonokoe	wow
272	Jackie Mcmeekin	One of the greatest movies ever made. It won eleven Academy Awards! The acting is superb. And the book and movie gives one a vivid picture of the Civil War. We lost more of our men in that war than any, I believe. Thank you for the download of this beautiful song and the great scenes from the movie. I watch it often! ğŸ‘ğŸ’•
273	Steve Eckstein	"OUR DEAREST DARLING GIRL, TARYN(NAMED AFTER ""TARA"") WAS ""GONE WITH THE WIND, UP TO BOSTON, THEN D.C., THEN N.Y.C. & HAS TRAVELED THE WORLD(FROM ""MACHU PISZU"" TO SOUTH AFRICA TO MADRID, TO IRELAND, LONDON & VENICE & ROME, & MORE TO COME> FACT: CHANNEL 9(WOR T.V.0 IN NEW YORK USED THIS AS IT'S THEME SONG FOR SO MANY YEARS, WHEN SIGNING OFF IN THE EARLY MORN'S."
274	Bill Fortune	Its beauty is timeless and for the ages. If you could have live the era of 40-50-60 and 70's like I have, America would be a wonder of a land to live. We have lost so much, we really have.
275	genesclean1	Ch 9 WOR TV NYC Million dollar Movie
276	Aliki Papa	"magicalğŸˆğŸˆğŸˆ in every sense!!adoro the music!!!maestrouli mou mioâ™¥ï¸ğŸ‘¼ğŸ»ğŸ‘¸ğŸ¼â™¥ï¸mio SoulmateğŸ’ğŸ‘¼ğŸ»ğŸ‘¸ğŸ¼ğŸ’""Î£'Î±Î³Î±Ï€Ï‰â™¥ï¸Î³Î¹Î±Ï„Î¹ Î•Î¹ÏƒÎ±Î¹!!!ÎœÎ¿Î½Î¿!!!Î•ÏƒÏ…!!!ğŸ’ğŸ‘¼ğŸ»ğŸ‘¸ğŸ¼ğŸ’""puppy Î¶Ï‰Î¿Ï…Î»Î± mouâ™¥ï¸ğŸ‘¼ğŸ»ğŸ‘¸ğŸ¼â™¥ï¸Ï€Î¿ÏƒÎ¿ ÏƒÎµ Î»Î±Ï„ÏÎµÏ…Ï‰ğŸ’ğŸ‘¼ğŸ»ğŸ‘¸ğŸ¼ğŸ’..Indefinitely..ğŸ’.."
277	eli10az	The definition of a great movie is one you can watch over and over and never get tired of it. THIS is that movie.
278	Ellen Hiatt	Best film ever made!!
279	Pankaj Shah	What a movie and what a heart touching thrme!Hats off to impeccable Max Steiner who composed the finest.Vivian Leigh n suave Clarke Gable were superb.ğŸ‘ŒğŸ‘ŒğŸ‘ŒğŸ’ğŸ‚
280	Jose Oms	...and one of the most racist movies of all time.
281	GAY JESUS	BEAUTIFUL! Thanks for posting!
282	Eva Raftopoulos	When I was 13 years old I first come with the wind I considered myself more oldfashioned than older americans Clark gable looked like my grandpa that died in the beginning of well suddenly .can't stop but watch this timely movie every year during the holidays.the tv stations haven't played it in years.its a classic movie that will always be rememembered as a lost movie
283	Jayne Haught	Oh my God love..love..love..
284	Luis CartÃ­n	No es casualidad llegar escuchar la mÃºsica de la mejor pelÃ­cula en toda la historia del cine, y ver esa mujer una de las bellas estrellas de todos los tiempos. Es algo que los que amamos el buen cine hacemos por instinto.
285	wanodie	Profesor Jirafales....
286	xin xumg	Many actors in the movie have passed away.
287	Michael S	La music tres jolie
288	Jon Francois	Wonderful music. Vivienne Leigh was stunning.
289	Carlos Julier	NÃ£o queria entrar para tomar um xÃ­cara de cafÃ©?
290	Freddy Richards	"""TOMORROW, IS ANOTHER DAY!"""
291	Old West	"This was also the theme song for the east coast's ""Million Dollar Movie"" which aired old movies at night...This is where I saw the original 1933 King Kong for the first time... What a peaceful time..."
292	mclas71	Olivia de Havilland, seen at 1:46, will be 102 July 1st, 2018.
293	Wolfen443	The most beautiful version of Dixie ever composed.
294	Jacklyn Morales	A must see movie before you die..... Loved itâ¤â¤
295	Joy C	Amazing â¤â¤â¤
296	Albana Maliqati	realizim i shkelqyerğŸ˜ğŸ˜‡ğŸ¤—
297	emerson silva	Tema de um programa da IURD que passava na Record na madrugada dos anos 90 fechando a programaÃ§Ã£o do dia
298	Idiosyncratic Stone	Does anyone know any movies/ books similar to this masterpiece which are worth reading?
299	Matthew Jones	:â€™)
300	tatripp	"""Tomorrow is another day"" This was such a great adaptation of a great book."
301	Sandrine Rousseau	â¤ï¸â¤ï¸â¤ï¸â¤ï¸â¤ï¸
302	Mansour Kuanyshev	I miss these times although I wasnâ€™t even born then
303	Thomas Jr Dangos	When I was a kid movies were wholesome w/great stories along w/beautiful background music....sigh! I long for them & so thanks a lot for this.
304	Heidi Bentley	Frankly my dear I don't give a dame lol
305	Heidi Bentley	Happy Easter ya all yeeha
306	Tony Bruno	not to be confused with Lara's theme, of course
307	FER NANDO	My father favorite film
308	Carolyn Nuss	Best motion picture of all time. Loved the music score to this movie as well. Both Clark Gable & Vivien Leigh were superb in their roles. Vivien Leigh WAS Scarlett O'Hara, meaning that she was born to play that role. It was tailor made for her. Nobody else could've done the role justice the way that she did.
309	Richard Kirschenbaum	For all you GWTW fans (of which I am certainly one) Do not miss the Northrn GWTW made in 1957 called Raintree County with Monty Clift and Liz Taylor in the obvious mirror image roles. Also stars Eva Maria Saint and Lee Marvin.
310	Quico IrÃ´nico	OUTRA VEZ CAFÃ‰?
311	Victor Zizo	Que milagre o senhor por aqui.
312	mauricio escobar	Este film es una obra de arte, y de valor incalculable...! Preciosa! Nunca me canso de verla... ğŸ˜
313	Noveluz	...Professor Girafales... ...Dona Florinda... Ã‰ um prazer vÃª-lo por aqui... NÃ£o quer tomar uma xÃ­cara de cafÃ©? Ehh... Claro sim sim sim
314	Ice 85 lover	This is the best movie I ever watch! I don't know how to explain and I watch a lot of movies(I'm 12ğŸ˜Š)
315	AH96	This films soundtrack is ranked #2 on AFI's 100 Years of Film Scores
316	Robert Taylor	The theme tune to Hollywood. Makes me nostalgic for all the great movies over the years.
317	Silvia RÃ¼hsen	His grandfather had been a hopeful - clap hands
318	Silvia RÃ¼hsen	Once upon a time had been a president in the united states
319	Silvia RÃ¼hsen	There is tomorrow - maybe a repeat of yesterday- at last all get an asylum
320	reg profant	Memories
321	Frederico Videos	This song reminds me of my first love! My family moved, and I never saw her again.
322	Salvatore Granata	A golden classic
323	VX G	Rhett, i love you
324	Kimberley Goodings	This song has stood the test of time, we have picked this for my mothers funeral this saturday and its soooo beautiful!
325	Yuri Satoru	E o Chaves levou ğŸ˜‚ğŸ˜‚ğŸ˜‚ğŸ˜‚ğŸ˜‚ğŸ˜‚
326	Wolf Teeth	The great & true old cinema....
327	Olive Albers	To read the book, is like a history of the era and you understand the film better. It was one of the best films ever seen. But grab a copy of the book if you can find one. Excellent in all dimensions.
328	missyline02	dona florinda e professor girafales kkkkkkkkkkkkkk
329	Khushi Singh	When I am listening to this melody I always have tears in my eyes because it is so wonderful! Thank you very much for uploading this theme!
330	remi willrem	love this movie and music 1939 and still the best one
331	Joshua Lewis	"Typical, obligatory ""Am I the only one that __________ ? I'm only 5 years old!"""
332	Skeppermoon AJ	I have a music box of this
333	GC Projects	Ooo Rhett....
334	X Y	My own true love My own true love At last I've found you My own true love No lips but yours No arms but yours Will ever lead me Through Heaven's doors I roamed the Earth In search of this I knew I'd know you Know you by your kiss And by your kiss You've shown true love I'm yours forever My own true love My own true love
335	asdfgty671	i love gone with the wind; love cs
336	Geoff Wall-Davis	One of the greatest movie tunes ever.
337	Michal ZahradnÃ­Äek	Hi! Which orchestra is playing on this recording? From where? Thanks for your answer in advanca :)
338	GC Projects	OMG I love so much this song, thanks for upload
339	Andreas Beer	Austrians and music, sometimes a very good combination
340	Aleksandar Obradovic	What a music,what a woman,what a man!Never again.
341	Richard Moon	Thanks for this wonderful treat.
342	hello fellas	Omg
343	Saxon C	Melanie Wilkes was my favorite character
344	Steven Astley	Thumbs up for The Great Movie Ride, Hollywood Studios. RIP
345	Rattlehead V	Aaaah, the good old times playing Metal Gear on my MSX...oh shit, wrong vÃ­deo, sorry guys
346	Norman Alvarez	Reminds me of my mom and the million dollar movie it was a TV channel used to be played in New York good old days
347	Rachel Brudenell	best film ever!
348	Renetta Yorka	An all-time great and a woman wrote the story! ğŸŒ·
349	Dragon lair	star stories stole this
350	delavalmilker	They've been pulling down statues of Confederate heroes, and banning the Confederate flag. Is this move next?
351	Courtney Croft	I had a ballet dance to this. They also play this every once in a while in front of The Great Movie Ride at Hollywood Studios and on the buses sometimes to Hollywood Studios.
352	Sender Yancey	Gone ...but not forgotten. Southerners will always be in the middle of the Civil War and the glorious, proud SOUTH !!
353	Sally Ackerley	Brindessi
354	Kimberly Klaus	Melanie-the best friend that everyone should have. I loved her character and hated that she had to die. And, if Scarlett had been born just 100 years later, she'd be CEO of a major corporation and girls everywhere would look up to her for her business sense and how she succeeded in a man's world. Maybe not for her tendency to steal other girls' fiancÃ©es, but her other qualities. And how she realized too late what real love is. Ah well, tomorrow IS another day!
355	Midi Morin	God...Vivien Leigh was definitely one of the most beautiful actresses of all time.
356	Mike Ciccio	Porta a Porta with Bruno Vespa sent me here
357	Crescent moon	Nice video great jobğŸ‘ğŸ‘ğŸ‘ğŸ‘
358	joes mecki	My Mothers (82) favorite Film.. and an early statement for Womens liberty...with an eye blinking...Never understood why she preferred the blond ;)
359	Old Kid	I watched this in high school, I was the only one that wasn't on their phone or asleep.
360	Chloe and Gabby	"I am using this clip for my writing class at the University of Idaho. I am dressing up as Scarlet O'Hara, and also showing a Youtube video of the ""Role of Women in the Civil War."" We will then use the prompts to write a diary entry regarding the role of women in the Civil War. Thanks for the beautiful music."
361	Brienne Of Tarth	This will always be my favorite movie of all the time
362	DÃ©bora Alves Aguiar	Tema da Dona Florinda e do Professor Girafalez!
363	Draco The Draconian	Crap version
364	Richard Noe	H
365	519 Forestmonk	I don't know what it is about this song. I think it's very beautiful, but it makes me very very depressed. Maybe I heard it when I was younger when something bad was happening. I've always been curious about the effect it's had on me
366	Albert Co	So nice
367	MichaÅ‚ MoÅ›	Ta melodia kojarzy siÄ™ z najpiÄ™kniejszymi momentami Å¼ycia. Teraz tylko drugÄ… poÅ‚Ã³wkÄ™ zaprosiÄ‡, zapaliÄ‡ Å›wieczki i...jest TEN nastrÃ³j.
368	EsaÃº Carlos	Ã‰ chaves caralho!
369	Rik	Immortal
370	popbottle	Gone WITH the wind..............gone WITH the wind........the Theme from Gone With the Wind.........gone WITH the wind.
371	Jiltedin2007	Frankly My Dear, I don't give a damn!
372	Richard Noe	I, m 92years old in hungary and it is impossible to forget thisi unforgottable melodies richard noe budapest
373	ChiliConQueso	Am I the only one who pictures a space shuttle launch when I hear 3:48 ?
374	Richard Cosme	awesome fantastic movie
375	Myra Tinelli	The best movie always.
376	VOULA Xatzigeorgiou	Î´ÎµÎ½ Ï…Ï€Î±ÏÏ‡Î¿Ï…Î½ Î»Î¿Î³Î¹Î± Ï…Ï€ÎµÏÎ¿Ï‡Î· Î±Î½ÎµÏ€Î±Î½Î±Î»Ï…Ï€Ï„Î· Ï†Î¿Î²ÎµÏÎ· Î·Î¸Î¿Ï€Î¿Î¹Î¹Î± ÏƒÎµ Î±Ï€Î¿Î³ÎµÎ¹Ï‰Î½ÎµÎ¹
377	Susan Poole	beautiful best film ever made, the actors were wonderful. scarlet and Melanie were so beautiful. made me cry. susan
378	PAMELA TAPELY	Fabulous movie and themes ageless
379	LUIGGHY PÃ©rez-Brignoni	Marvelous !
380	James F. Harrington	Thank you Max Steiner for the most beautiful music of all time!
381	James F. Harrington	God Bless you Olivia....Happy 100th Birthday!!! We all love you!!!
382	donnell jones	love 2:45
383	m. p.	I love Gone with the Wind
384	atia jolea	Ù‚ØµØ© Ù…Ù„Ø­Ù…ÙŠØ© Ø±Ø§Ø¦Ø¹Ø©
385	Carlos Inzunza	Melody beautiful!
386	DEthe5150	Happy 100th Birthday, Miss Olivia de Havilland (Melanie Hamilton)! 0:33 - 0:40, 0:52, 1:18, 1:44, 1:55, 2:14 - 2:25, 2:33, & 3:56
387	GAT Motorradreisen	WunderschÃ¶n ...
388	ìŠìŠí•˜	í‰ìƒ ê¸°ì–µì— ë‚¨ì„ ëª…ì‘ì¤‘ ëª…ì‘ good
389	Jury Kwt	It's my best movies ever â¤ï¸â¤ï¸â¤ï¸â¤ï¸
390	Binho Onofre	Quem estÃ¡ aqui por causa do tema da Dona Florinda e Professor Girafales do programa Chaves, Chavo Del Otcho da um like! 2016
391	John Corrigan	the greatest music of all time
392	Ahmed Mody	The best music I had ever heard
393	alexandre mackenzie	tomorrow is other day ... TINLINLINNNNLIIIIIIIIIIIINNNNNNNNNNN
394	JackEnnis	VERY, very nice to tie the entire film to JUST Tara's Theme. Well done.
395	Karla Torres	<3
396	AH KIAN SING	Map
397	Leslie Weddell	Max Steiner was THE Movie composer before Bernard Hermann came along, then John Barry, John Williams, and of course, the other greats like Jerry Goldsmith Elmer Bernstein Alfred Newman Ennio Morricone's et.al.
398	Cris Pizza	O filme eterno . Perfeito .
399	Dominica Wynne	The greatest film ever, and most of the emotional scenes were left to the audience's imagination. Now it's meet, jump into bed, baby arrives, and daddy takes off. What a contrast then between then and now. Give me then anytime.
400	Paul Mollard	Proof of how certain pieces of music can give you a 'lump in the throat'!
401	k carr	Leslie Howard, actor, (Ashley Wilks), died in WWII, in 1943, when his plane was shot down, by the Luftwaffe. He died just four years after playing Ashley, in the great movie, GWTW.
402	a frickin american	Beautiful!
403	David Lamb	Wow, never fails
404	ê¹€ë™ì§„	focus on black mama ã… ã… 
405	andyknight1	Never seen the film, but adore this piece of music.
406	phillipe Alves	professor girafales?! dona Florinda?!... ... o resto vcs jÃ¡ conhecem !
407	OCTAVIAN DICU	Cel mai bun film al tuturor timpurilor!
408	Lucas Ferreira	lembro de chaves haha <3
409	Baji Scipio DÄrayav Aurelius Julian Venizelos Nalwa	very nice
410	Izzy	greatest movie ever.love it so much.
411	Jorge Lemus	Esto sÃ­ era cine.
412	è¾²å®¶ã«ãªã‚ŠéšŠ	å¥´éš·åˆ¶ã¯ã‚¤ã‚¯ãƒŠã‚¤ã€‚ã¨ã‹ãªã‚“ã‚‰ã‹ã‚“ã‚‰è¨€ã£ã¦ã‚‚å¥´éš·åˆ¶ã«åŸºã¥ãé¨å£«é“ã®ä¸–ç•Œã¯ã†ã¤ãã—ã„ãªã‚ã€‚ãƒ—ãƒ©ãƒ³ãƒ†ãƒ¼ã‚·ãƒ§ãƒ³ã®ä¸»ã¯ä¸­ä¸–ã®è²´æ—ã¿ãŸã„ã§ã‹ã£ã“ã„ã„
413	Thorstein Heinz	super mega ultra I like this movie...
414	Samara Bates	A true masterpiece
415	funnyguy52	To GWTW fans, I highly recommend you check out the original motion picture soundtrack album. The orchestra consisted of 100 musicians and a chorus of 100!
416	Artur Pitanga	PROFESSOR LINGUIÃ‡A E DONA FLORINDA.
417	Leslie Seabaugh	classic music, classic movie, never it's equal
418	Maria Wiig	Cool
419	heartfire451	Nowadays despite all the technology Hollywood can't make a film near as good as this because they only want to do perverse and evil movies now.
420	Î“Î¹Î¿Ï‚ Ï„Î¿Ï… Î”Î¯Î±	ÎµÏÎ¼Î· Î½Î¹Î¿Ï„Î·
421	funnyguy52	The greatest of all film themes and scores. This version is not the one heard in the film. Don't know which orchestra or year this one is. It doesn't quite have the energy and warmth of the film version and the finale is a let-down, just doesn't quite work.
422	Becca Brayton	Does this remind anyone of the Great Movie Ride???
423	priebea	Never forget this movie!
424	DCBARNONE89	Hi. I love your video, thanks for sharing! This is a great film and music as well! The score is classic Hollywood mixed with the old south. Good times to thee! EML Arlington, Va.
425	Donald Bryan	Order your copy today before the Fascists ban it!!
426	Kim Dossett	Frankly, HOLLYWOOD, we don't give a DAMN!!!!!! You've made untold millions upon millions of dollars off of this movie with rereleases, videos and CD's since the original was released in 1939. Gable never got a fricken dime from the role. That's right people, not a dime. Gable was contracted to another studio at the time and they took his pay and royalty rights. Of course they are greedy bums too. Seventy fricken six years should be enough profits. Drop the copy right. Let the world enjoy this classic piece of history. You whiny,greedy bums.
427	Kim Dossett	Remember picnics under the tree that Scarlett swore to never go hungry again when I was a small boy. In Georgia. As an adult used to picnic by the water wheel and mill located in little rock arkansas. First movie filmed in color. First cuss word in a movie. A timeless classic.
428	Scarlett Kaur	âœ¿âŠ±â•®
429	Alexandro Augusto	MUSICA DE ENTRADA DO MEU CASAMENTO!!!!!!!
430	T-Bus	The Duprees sent me here
431	Sennin	Dona Florinda!
432	Dinho	#GirafaleseFlorinda
433	zac dolan	Tema de Dona Florinda e Professor Girafales â¤
434	è§’ç”°ä¸‰éƒ	ä¿ºãŒè¦³ãŸã®ã¯æ˜­å’Œï¼“ï¼–å¹´ã€ï¼‘ï¼”æ­³ã®ä¸­ï¼’ã ã£ãŸãƒ»ãƒ»ã€‚æ„Ÿå‹•ã—ãŸã—éŸ³æ¥½ã‚‚ã‚ˆã‹ã£ãŸã€‚æ˜ ç”»ã«åµŒã£ãŸæœ€åˆã®ã‚‚ã®ã ã‚ã†ãƒ»ãƒ»ã€ç‰©æ€ã†å¹´é ƒã ã£ãŸãªã‚ãƒ»ãƒ»ã€‚é ã„æ˜”ã ã‚ãƒ»ãƒ»ã€‚
435	Ben Harder	Is it fair to say that old movies enlighten feelings of nostalgia within in me even though I did not grow up with them?
436	Aparecida CM	Meu filme predileto...
437	KlausGH	iBooks brought me here, more or less. You can't watch that movie and never read the book! I've seen it, it's nice, but not even a shadow of the novel.
438	katsugorou tsuruta	ã“ã®æ›²ã§ä½•åº¦ã€åŠ±ã¾ã•ã‚ŒãŸã“ã¨ã‹
439	Gui Viana	Professor Girafales que milagre o senhor por aqui,vim lhe trazer este humilde presente!!!
440	menukjau	Legends of Hollywood. It's great to have Olivia de Havilland still with us, 98 yrs old.
441	HotCuppaCoffee	Citizen Kane. Casablanca. Gone With the Wind. The Wizard of Oz. The Godfather. The Top Five Greatest and Best Loved Movies of all time. You can argue about the order, but you'd be hard-pressed to argue the selection.
442	Margaret Kohlwes	great movie beautiful music
443	petroski	Dona Florinda e Professor girafales <3
444	lake fire	General Sherman was a war criminal he let his men loose to kill, rape, burn and rob all around him
445	Ã‹arendil Styles	to je krÃ¡snÃ½.. beautiful
446	NYYLand HOON	I love to listen to this music... It touches my heart to remember the past ^^
447	olivia	it's sad that I only know two people who are my age who can appreciate this movie
448	ã‚³ãƒ¼ãƒ’ãƒ¼ãƒ©ãƒ©ãƒ©	é«˜æ ¡æ™‚ä»£ã€ãƒ†ã‚¹ãƒˆãã£ã¡ã®ã‘ã§è¦‹ã¦ã—ã¾ã„ã€æ˜ ç”»ã®ç´ æ™´ã‚‰ã—ã•ã«æ€ã„ã£ãã‚Šæ„Ÿå‹•ã•ã›ã‚‰ã‚ŒãŸä½œå“ã§ã™ã€‚ã€ŒTomorrow is another day.ï¼ˆæ˜æ—¥ã¯æ˜æ—¥ã®é¢¨ãŒå¹ãï¼‰ã€å¤§äººã«ãªã£ã¦ã€è¡Œãè©°ã£ãŸã¨ãã€æ”¯ãˆã‚‰ã‚Œã‚‹è¨€è‘‰ã®ä¸€ã¤ã«ãªã£ã¦ã„ã¾ã™ã€‚
449	Laura Rahill	love playing this with the cross border orchestra of ireland. beautiful piece. hopefully we will play it in carnegie hall next month when we go to perform!
450	Paul Fienga	This is cinÃ©ma at its best
451	Loredana Rosi Modesti	Sempre bella anche se mi fa sentire triste. <3
452	Rodolfo	O Tema da Dona Florinda e Prof. Girafales.
453	Vera Miranda	Um belissimo filme
454	Vera Miranda	Um belissimo filme
455	Katika Tito	Love this film
456	WildDance	ItÂ´s still my favourite movie <3
457	JoÃ£o C.	- nÃ£o gostaria de entrar pra tomar uma xicara de cafe?! - nÃ£o seria muito incomodo ? - claro que nÃ£o pode entrar kkkkkkkkkkkkkkkkkkkk
458	Vicente Ortiz	This reminds me of my first kiss. Best moment to kiss. #firstkissmusic
459	Blessings And Peace	beautiful music
460	funnyguy52	The greatest movie theme of all time! This version is actually the full opening theme (minus 'Dixie') and the music heard at the end of Act One. Watch the opening of the film to hear the definitive version of this music masterpiece.
461	Filipe Mateus Poly	Professor Girafales...
462	Madelyn Strickland	My love, you are my own true love.
463	Gabriela Gabi	MY FAVORITE MOVIE!!!
464	Hank SH	Chaves
465	Paco Altheia	DAT...made me cry T.T
466	Krystal Bradsher	This score is so majestic and serene its gives me chills every time I hear it.
467	Happier Abroad: Escape USA & Date Foreign Women!	I just saw this film again. the acting and high quality of it blows away anything that's made today! it puts today's movies to shame.
468	miralem 1974	the best movie for ever.
469	Olga Godin	The best and greatest picture of all times.
470	MeMyself And_I	Pure magic full of beauty.
471	ChuChu353	What a great lady Hattie McDaniel was!!!! God rest her soul!!!!
472	Hakan Aslan	CinÃ©magique !
473	Vicky Kiss	This is my all time fav film, I would love to walk down the aisle to this when I get married in August. What do people you think?
474	ronetteloverz	Also used as the Million Dollar Movie theme on channel 9 in New York City in the late 50's & early 60's..... when a million dollars was a big buck movie production.
475	nathan stewart	What is up with Hollywood? Are they not capable of make something so magical anymore? It's sad.
476	wearybutwilling	does anyone know who wrote the score for GWTW? Usually their are some great people who know the answers and tell me. This movie is a classic and a great one but not my favorite. It's on my top 3 list, but not #1. LOVE it THOUGH! I will watch it again even though I have seen it 11 times. This is a true classic of all time!
477	mitsuko tsuru	ã“ã®æ™‚ä»£ã¯ã€æ˜ ç”»ã‚‚ã€éŸ³æ¥½ã‚‚ç´ æ™´ã‚‰ã—ã‹ã£ãŸã§ã™ã­ãƒ¼ ã¾ãŸæ˜ã‚Šèµ·ã“ã—ã¦ã€è¦³ãŸã„ã§ã™ã­ï½ï½
478	guydreamr	Sweeping. Majestic.
479	í™©ë³‘ì„ 	ì§€ë‚˜ê°„ ë‚˜ì˜ ì²­ì¶˜ì„ ë˜ìƒˆê¸°ê²Œ í•˜ëŠ” ì´ ì˜ìƒê³¼ ìŒì•…! ì–¸ì œ ë“¤ì–´ë„ ë§ˆìŒì´ ë¶•-ë– ì˜¬ë¼ í•˜ëŠ˜ì„ ë‚˜ë„¤ìš”. íƒ€ë¼, íƒ€ë¼ì—¬!
480	Kevin Imp	"I 22 non mi piace sono ""francamente me ne infischio""."
481	Jose Antonio Cuevas BriseÃ±o	only the good is forever
482	moko maile	ãŠã¾ã›ãªä¸­å­¦ç”Ÿã ã£ãŸé ƒã€ã‚¢ã‚·ãƒ¥ãƒ¬æ´¾ã¨ã€èˆ¹é•·æ´¾ã«åˆ¥ã‚Œã€ç†±ããªã£ãŸã€‚ ç´”ãªç™–ã«ã€ç”Ÿæ„æ°—ãªäº‹ã‚’æ„Ÿã˜ã¦ãƒ»ãƒ»ãƒ»ã€‚
483	Tony Ann	oh boy , the theme gives me chills . thank you max steiner for this great melody ! :)
484	LazlosPlane	"Which, ""Philarmonic"" orchestra?? I don'/t think it's an orchestra at all."
485	DEthe5150	"Happy 100th Birthday, Vivien Leigh, you were an outstanding actress & you will always be remembered. ""Tara! Home. I'll go home, and I'll think of some way to get him back! After all, tomorrow is another day!"""
486	AbendéŸ³æ¥½ã‚’å¤•æš®ã‚Œã¨å…±ã«	å¹¼ã„æ—¥ã«æ˜ ç”»ã‚’è¦‹ã¦ä»¥æ¥ã€ã‚¹ã‚«ãƒ¼ãƒ¬ãƒƒãƒˆã¨ã„ã†ç¾è²Œã®å¥³æ€§ã¨ç”·æ€§çš„ãªãƒ¬ãƒƒãƒ‰ãƒãƒˆãƒ©ãƒ¼ãã®ä»–ã®äººé–“ã¨æ™‚ä»£èƒŒæ™¯ã«èƒ¸ãŒã¨ãã‚ãã¾ã—ãŸã€‚
487	Paul Herring	With respect, it was the American Civil War in Gone With The Wind, not the War of Independence. It's called the Revolutionary War in the USA. Even so, American actors have often portrayed other nationalities in films. It showcases the talents of all actors if they can do that and pull it off, don't you think?
488	Fina Lopez	Complicado amor ...
489	Awadea	"Oh my Goooood. I love the music, the film and the book. I saw this film when I was ten. I watched it with my mother in the late night. It was great. I love Vivian Leigh but I also like the filmseries called ""Scarlett"" with Joanne Walley-Kilmer. She plays Scarlett outstanding too. And the book Scarlett is awesome, too. I read the 1000 Sites in two days. I'm nuts I know :D"
490	labechina figue	this picture a have seen 12 times,is marvelous,and i like very much clark geable,was a very great actor,in this film was great also vivian lee,this is a magistral film
491	Tatsu1-4-4	Picture the scene: you're a director of a movie based on the American War of Independence. Now also picture that most of the main actors are British...stupid isn't it? Considering the subject matter, American actors should be used and should have been used in Gone With The Wind.
492	William Brick	Sadly no! The actress who played Bonnie was an actress named Cammie King who passed away in 2010 at the age of 76 from lung cancer.
493	Guiseppe Heat	I LOVE this movie and the book sooooooo much!
494	FyllingenOy	Dixie, the unofficial anthem of the south and the most popular song in the confederacy, was written by a northerner. It doesn't matter who wrote it, the only thing that matters is what the song is about. The same thing goes for the nationality of the actors.
495	TXRider	I was so sad when Bonnie (the character) died. :(
496	TXRider	Pardon?
497	niculae cristea	Tomorow it's another day!
498	niculae cristea	Merveilleux! Merci beaucoup, Eternal!
499	Harry Lube	That means hi in spanish!
500	SZealot	But since when was Clark Gable British? He's all American. Olivia was a British-American (duel nationality/citizenship). Get your facts right please and why are being like that? Most comments are peaceful.
501	Tatsu1-4-4	Yeah and the main actors who are all British too. Strange that really. Clark Gable, Vivian Leigh, Olivia de Havilland and Leslie Howard all playing the lead role for what is known as the most American of movies. Now that's funny.
502	Hendrick Wijaya Setiawan	Dream of peace....
503	Emily Rose	Beautiful :(
504	HM The Tsar of Russia	Frankly, my dear, I don't give a damn!
505	Daniel Kalban	Fine with me XD
506	Nolan Key	Can we just stop arguing and enjoy the music? I'm sorry if you got angry at me. But we all have views about how the Civil War started. Can't we just get along and listen to this beautiful movie score?
507	Daniel Kalban	Oh that's a bunch of BS. And two wrongs doesn't make a right. The South bullied their way for years, and they should be kept in their place still because they obviously still don't know how to act like civilized human beings.
508	Nolan Key	Did the Historians mention that the congressman was making fun of the South? I know they had their society built on Slaves. But how does that make it so they provoked the war? The North wasn't bullied by the South, The North practically ran the South and posted the unfair Tariffs in 1832 and 1828. South Carolina attempted to secede but the North scared them into coming back, So if anybody was the bully it was the North.
509	Daniel Kalban	Im sorry, but the South instigated this according to most historians. And one Southern Congressman literally BEAT a Northern one in the Capitol itself! The South brought it on itself. Besides, they hoisted themselves by their own petard by being an agrarian society built on the back of slaves. The South bullied the North, we fought back, and the South, like all bullies, ran away like a little bitch and karma was visited upon it.
510	Nolan Key	If they were getting their way the tariff wouldn't have even been released on the south and Abe Lincoln would have never gotten to be President. The North was basically bullying the South for a while and until the conflict of slavery was spoken of was when the North and the South started fighting.
511	Daniel Kalban	Sorry, but I'm speaking the truth. The South instigated it by literally firing the first shot after being spoiled brats getting their way for nearly 100 years and they reaped what they sowed: Utter Humiliation and Deserved Vilification
512	Nolan Key	I'm not a southerner and if you would study the facts I told you, You would find what I said to be correct.
513	Daniel Kalban	Sorry, but GOOD historians say otherwise. You lost. We won. Get over it.
514	Nolan Key	Sorry I was running out of characters. But with all the facts I had given you I proved that you can't truly have called the south the aggressors.
515	tessithegreat	epic book......epic movie.....
516	Daniel Kalban	"""Northern Aggression""? You were the guys who pitched a fit about losing an election, left the union, and fired the first shots! You were the aggressors!"
517	Nolan Key	This is my favorite movie score
518	ziggyboi1995	It was once a sovereign and independent nation, but we lost the War of Northern Aggression, so we had to rejoin the US, which is going to Hell in a handbasket if we don't get the National Debt under control.
519	kristi g	what do you mean 'rise again'? how has it fallen?
520	Marina Abreu	1:28 Dona Florinda Professor Girafales NÃ£o que entrar para tomar uma xÃ­cara de cafÃ©? NÃ£o seria muito incomodo? Mas Ã© claro que nÃ£o!
521	Jonas Junior	Wow, BRAVO! I totally agree with you. How can we get those old times back?
522	nicolas villegas	frankly my dear, i dont give a damn
523	aditistarr	Tears come to my eyes instantly when this is played
524	FyllingenOy	What about Dixie?
525	xxIluvyouguysxx	Actually, the song was composed by Max Steiner, who was from Austria.
526	teemo	She sadly died a few weeks ago ;(
527	2Dawgz	I wonder if that baby that played Bonnie is still around. She/he's be about 75.
528	Daddy- Agario	"In Italy this song has been used as the opening music for a political TV show called ""Porta a porta"" which is aired on rai 1"
529	Leandro Carlos	enfim alguem q reconheceu a musica kk
530	Maximilian Cady	â€” Professor Girafales! â€” Dona Florinda! â€” Que milagre o senhor por aqui. â€” Vim te trazer esse humilde presente. â€” NÃ£o quer entrar pra tomar um xÃ­cara de cafÃ©? â€” NÃ£o seria muito incÃ´modo? â€” Ah, claro que nÃ£o, pode entrar. â€” Depois da senhora.
531	ronetteloverz	Superman had a bit part in the movie.
532	Janette Walker	Thank you so much. Lovely memory.
533	Linda Ranches	so nostalgic....its touching...emotional!
534	extremechaser91	nella storia del cinema mondiale semmai ;))
535	Mary H	Oh Scarlett!
536	HepburnLove	The greatest movie of all time, no doubt!
537	nicolas villegas	it was ingrid bergman who was supposed to play the lead role of scarlet o hara but unfortunately she backed out because of some other film commitments and vivien leigh got the role.
538	extremechaser91	i love the intro =P
539	TheEpona92	The funny thing about wind is that what it can blow away, it can also carry back to us in time.
540	lindelandable	Don't blame the people ,blame the movie makers ,who don't have the courage to make a real movie .The kids can't watch a film that hasn't been made.
541	nicolas villegas	clark gable,vivien leigh,leslie howard,and olivia de havilland,
542	Francesca Riley	I'm welling up too. It's so emotional
543	Sophie Evans	this song just instantly makes me well up
544	Hank Lukas	we use to have a movie show on tv here in New York, t was called The Million Dollar Movie, and they used this for programs theme. I heard on that program before I foundout it was from Gone With The Wind.
545	Hank Lukas	I love this song it is so outstanding. At points powerful.
546	shirley Chandler	the music,the story ,the stars= perfection thats never been repeated!!!!
547	brookers317	dear uploader, i love you
548	AndreiTupolev	One Direction? One Dimensional more like.
549	CowNamedMuffin	As in: I can see the sequel whenever I hear this song??
550	Shirley Stafford	My utmost favorite movie
551	littleone843	Beautiful! Thanks.
552	Henrique Caldeira	Professor Girafales, o senhor por aqui?
553	Peter Pan	EternalLveStory08, Thank youuu...
554	gwtwvivien	"As much as I know, in France GWTW was first premiered in 1947... after WWII- MGM sent a copy of the film to Paris, in 1940, but Hitler stole it- This is an Historical fact, also my grandmother, who was french, told me this- ""Waterloo Bridge"" with Vivien too was premiered in 1947- In Buenos Aires where I live, GWTW was premiered September 25 1940-"
555	Nicholas McCullough	That's not exactly true. Olivia de Havilland, (born 1916) who played Melanie, is alive, as well as Mary Anderson, (born 1920) who played Maybelle Merriweather, Alicia Rhett, who played India Wilkes, and is the oldest surviving cast memeber, (born 1915), and Mickey Kuhn, (born 1932) who played Beau Wilkes, are all still alive as of 2012.
556	gwtwvivien	The filming of GWTW began on January 1939- ended in October 1939. World premiere was in Atlanta: 15 December 1939-
557	ziggyboi1995	If the South were to ever rise again, this should be its national anthem.
558	Ryan Wilson	beautiful movie and soundtrack
559	gwtwvivien	exactly vivien was 25 in GWTW, and 37 in STREETCAR- GWTW,s filming ended in october, and vivien,s birthday was on november 5th. STREETCAR was filmed in 1950- so...36 to 37-
560	plaidcarogemm	Yeah, so I've heard. Perhaps most of the movies are actually better than they look, but there are still some pretty awful ones. And I know, trust me. My friends and I are huge fans of old music, that's pretty much what we come together for. But their love mainly stretches to the Beatles and no farther, I wish it did though. And are you serious? Wow, that's just stupid. I don't know what those people do with their lives, to be fair I don't know what I do either. but just wow.....
561	CowNamedMuffin	"""I swear, as god is my witness! I'll never be hungry again."""
562	CowNamedMuffin	and yet the sequel wasn't the same...
563	zooeyhall	"""Titanic"" is DRIVEL compared to this!"
564	ClÃ©m CleClem	Salut Sophie :)
565	Isis2410	This is real Hollywood. And that is gone. There is no more creativity. Today they make remakes, endless sequels or blockbusters with no heart. With actors with little to no talent. Of course there are exceptions, and I treasure those. But I rather keep on watching Gone with the wind or Casablanca. The REAL movies.
566	plaidcarogemm	XD
567	plaidcarogemm	Yes, those happened....
568	bigstar66	Which, ironically, was my favorite movie until I saw this. Titanic is an excellent movie too.
569	Tamara alsammaraie	unfortunately real movies ,real singers, real music,are all gone with the wind music movies like that should had more than 100 millions views ,but unfortunately most or many of people today listen and watch disgusting movies and songs
570	bigstar66	This is like the most beautiful thing I've ever heard.
571	bigstar66	'51, when she was 38 or so.
572	bigstar66	I live in Alabama, but always sided with the North when studying the Civil War in school, choosing the US over the South. I saw this movie thinking nothing could change my mind. In the first five minutes my mind was changed, and this theme perfectly sums of the glory and loss of what once was.
573	bigstar66	I dunno about 60's but she was still beautiful in Streetcar, and she was like 40 in that.
574	plaidcarogemm	Yeah, so I must've figured. I imagine she must've prettier, but hey, at least she's still here.
575	willis636	"Ehh, I didn't actually think the Dark Knight was particularly special on Zimmer's part. It served its purpose marvelously within the movie but, for me, fails to stand up on its own. Hedwig's Theme however, is one of the greatest pieces of film scoring of all time. Williams captures the entire magical world in a five minute song. Disney's ""Brave"" was the only soundtrack I have really despised, which modern soundtracks do you take issue with? (Btw I've had a crush on Natalie Portman since I was 8)"
576	plaidcarogemm	I know, there are many great composes out there. However, many of the movie soundtracks suck. I like the ones for the Dark Knight, Harry Potter, Sherlock Holmes, and you know all the stuff. Oh, and the Pixar films, as from Michael Giachinno. And I said beautiful, not hot. To me, that's an entirely different level, and I never thought Natalie Portman was so gorgeous.
577	willis636	I respectfully disagree. I find the original soundtracks of the post-1960's era of film scoring brilliant, and extremely powerful. John Williams, Hanz Zimmer, Thomas Newman (especially Any Other Name), Rachel Portman, and Gustavo Santaolalla are just a few genius composers with stunning soundtracks. Also Natalie Portman is hot.
578	Emma C	I read this book in 4th grade and I have the movie....why oh why did the author have to die in the middle of writing the sequel???? :( and for some reason.....I used to be obsessed with Scarlett o'hara's eyebrows...?
579	é¾æ¨Ÿè”¡	é£„~~~ è½èªªæ˜å¤©éå¾Œä¸€å€‹æœˆå…§ é˜¿é£„æœƒå¾ˆå¤š
580	bigstar66	Although what you said about actresses is completely true, you're missing the jewels that come out of today's cinema. There were bad movies back then, but they aren't remembered. You're not forced to dig through all crap that was produced in the Golden Age, because only the true classics have stood the test of time. Today however, both good and bad movies are in theaters, and you do have to look somewhat hard for the truly good ones. But there are some made every year.
581	izzy Honey	one of best movies ever.such a legend this movie.amazing.love this song <3 and Vivien Leigh was so talented and SO god damn GORGEOUS.amazing actress.one a kind.wish she was here still today :(
582	ODAIR DOS SANTOS QUADROS	I WILL THANK YOU VERY MUCH
583	ODAIR DOS SANTOS QUADROS	WHERE CAN I TO WHACTH THIS THE MOVIE COMPLETE\?
584	jaybeegeeful	Tara's theme is a song from MG1/S
585	ThePendraGonKin13	this song takes me to places I've never been, like plantations and countrysides. I've watched this movie a dozen times :)))
586	rebecca mestica	I love this movie sooo much! So as the theme song...How I love Vivien Leigh, she has the most naive and beautiful face in the whole world!
587	Coffee Grass	I do too but today's age they are not practical.. Can you imagine going down to subway or riding a bus with them lol
588	UltimateGamerx24	I watched this for the first time yesterday, i was in awe the whole time an absolute masterpiece and one of my favorite movies.
589	Rademacher Andreas	The films of films! Hollywoods best film! Over 70 years this is the film, where I get tears in my eyes!
590	taraloha1	I was named for this movie (Tara). This song was the one I walked down the aisle to at my wedding.
591	Ciro Oliveira	O filme mais bonito que ja vi
592	Alina-Laura Estrada	i love those dresses..why don't them come back
593	jaybeegeeful	Was anyone else looking for MGS?
594	Funny Bear Ice Cream	Profesor Jirafales DoÃ±a Florinda Que milagro que viene por acÃ¡ Vine a traerle este humilde obsequio Ahh, son hermosas. pero no gusta pasar a tomas una tacita de cafÃ©? No serÃ¡ mucha molestia? De ninguna manera, pase usted DespuÃ©s de usted Ahh gracias
595	Anna Wyn	"""Frankly, my dear, I don't give a damn."" I can't help it. I hate Scarlett for pushing Rhett away! Why in God's name would you choose Ashley over Rhett anyway?!?! FOOL. Awesome film though. :')"
596	Bcutter	@1127zephyr Yes, and a horse and buggy is much better than a car.
597	SomedayWellFly	@Carlover0529 I'm currently in the car on my way back from having seen that! Fantastic show.
598	Genevieve Fisher	My mama sure did raise me right, I grew up watching this movie. My friend had never seen it, I just watched it with her for her first time yesterday. Seeing a young person with little interest in classic movies react so emotionally reminds me of what an epic Gone With the Wind really is.
599	cnr f	@taartje87 what's your name?
600	Jullie Santos	AE PROFESSOR LINGUIÃ‡A E VELHA COROCA DO 14
601	Danian Dare	Great, lovely.
602	Katie	@taartje87 I got my name from Gone With The Wind too!! Hehe
603	gooched	Fuckin' Hattie McDaniel god bless!
604	CandaceWhite	@lowkeygoddess Mine too!!!! =)
605	plaidcarogemm	@harrypotteranddobby Hi, I've been trying to reach my comments page but it won't turn up! Quite annoying.
606	plaidcarogemm	I know it doesn't matter at all, but did anyone notice how actresses back then are much prettier than they are today. Not only that, but the movies were kinder, more exciting. They gave a larger thrill. The music was more realistic, more poetic, more beautiful. I wonder what happened...
607	plaidcarogemm	@Whatdidyoudotome Yeah, I read it when I was your age. It was an amazing read. So sorrowful, one of the only books to make me cry.
608	0012008101689	å¤§åœ°è³›æ­Œã£ã¦æ°—ãŒã—ã¾ã™ã€‚
609	Philip Thompson	Great music. Great movie, Great actors and a Great story.
610	Tara Caudill	my name's tara (: this is one of my absolute favorite movies. they dont make classics like this anymore
611	Che Davis	This is and will remain always a GREAT. We are not so blessed now with movies of this standard.
612	We're up all night to get Chucky	BEST MOVIE EVER! I don't know why but I just love this movie so much! It is classic :)
613	thegirlwhohatesrap	There's a reason Gone With the Wind only had one version.
614	tarou00019	çš†æ˜æ—¥è€ƒãˆã‚ˆã†ã€‚ æ˜æ—¥ã¯æ˜æ—¥ã®å¤ªé™½ãŒæ˜‡ã‚‹ã€‚
615	Whatdidyoudotome	@MrSamwiseable I'm a twelve year old girl and I've read the book and watched the movie.... It's not weird for anyone to like this movie.
616	Rebecca Kelly	I love this theme, everytime I feel down or cannot accomplish anything I play this!
617	tanya newberry	@boy18inva Im 38, and didn't find myself liking these types of movies until I was 27 or 28....BUT this movie I HAVE ALWAYS ADORE......FOR SOME REASON.........They don't make these types of movies anymore.......I wish they did.....but it's, good to look back on them, and to see what started it all.
618	TheRealmsOfGold	"@boy18inva No, you're just smart. I grew up on ""Mutiny on the Bounty"" and ""Treasure of the Sierra Madre."" Movies from that era had stronger drama than most mainstream movies today. I think it has to do with A) growing need for gratification in U.S. culture and B) changing class structure, but those are really just intuitionsâ€”I'm no sociologist. Anyhow, they sure don't write scores the way they used to. This is outstanding stuff."
619	mtsumusic	Umm...played by which Philharmonic Orchestra?
620	Dante Mendoza	@boy18inva No at all I am a huge classic movie fan and I am 28.
621	Rezali Shahabudin	If you like this movie you have great taste and high standards!!!Hollywood doesn't produce master pieces anymore just crappy remakes because everyone has lost their creativity...
622	TheMJStevens	@boy18inva Did you find Vivien Leigh hot when you watched this?
623	EasyCompany Airborne	@boy18inva Of course it is not wierd. This theme was written by Max Steiner, who I considered the very best of film composers. The films you mention are masterpieces. Your age has nothing to do with what you like. Hell son. This film was made in 1939, before most of us were not old enough to go to get the into the theater then. Personally I also love the theme of the Magnificent Seven - Elmer Bernstein.
624	Sarah Jackson	I like how this video is basically the whole movie summed up in 4:23, instead of just pictures of the movie mashed up together for the video.
625	JoÃ£o Lucas	@boy18inva Yeah, I totally agreed with @MrSamwiseable I'm 14 year old and I'm a total freak in the matter of antique movies. Anyway, I don't hide this from anyone, I even post about it on social networks about this and I have a lot of friends. Be yourself, and you'll find people who have the same hobbies you do. I have plenty of friends, but sometimes I get kinda frustrated because I just don't find anyone that wants to see this epic movie. I know they'd love it ;D
626	Orcas	gone with the wind will always be my favorite film of all time !!It's a classic and will always be clark gable and vivien leigh were perfect for the roles
627	mono poly	ive seen this for the first time when i was 13 on christmas day...now im watching it at least once a year. im 23 now:) its just beautiful
628	Golf the Magic Rabbit	@boy18inva There's nothing wrong with admiring classic films! I'm 22 and I love watching old films from the classic age of Hollywood. Most are far better scripted and have superior acting and directing than the majority of films that come out in cinemas today
629	Snitter	I'm 18 and I saw this movie yesterday with my mother and younger brother. Old movies truly are remarkable and beautiful. I've spent more time watching TCM than any other channel on the tv. True, they do not make films like they used to, but if we all remember and pass on these classics with future generations there will always be a spark of hope that we could one day return to making the classics of the olden days.
630	nami345	@boy18inva It's not weird at all. I'm 20 though I'm a female and I've found myself watching more and more movies on TCM than I have in the past. In fact that seems to be my new movie channel right now. I don't watch everything on there but I appreciate a good classic most of the time. Little mistakes can lead to a great experience. I ended up watching the first Canterville Ghost on TCM because I thought it was the one I grew up with. It wasn't but it's amazing all the same and it's on my DVR.
631	arisgreece26	@boy18inva I think we should all learn a lesson from this movie, specially today, with the fiscal crisis we are going through.
632	arisgreece26	@boy18inva Why should ppl think it's weird? We are talking about one of the greatest films AND books ever. Scarlett, though sometimes too selfish (especially in the book) should be a role model for everyone. She survives a horrible war, manages to stand on her own feet again, she worked hard, she did everything needed in order to achieve her goal, that is ''never beeing hungry again, nor any of her folks''.
633	arisgreece26	@boy18inva I so feel you ;)
634	regulators88	@SweeneyWearsAllStars Thanks. I wasn't sure, but I knew it was in his late fifties.
635	regulators88	@CressidaTussaud No dip! She's the only one still living! Clark died at 56 I think Leslie died in WWII And the others died of old age I think.
636	chatchaloem	It is only 27 years ,this movie will be the hundred years old movie.....The time is so fast....I believed no one in this movie still alive....so RIP for all
637	vcbf16	Chaves!! Professor girafales e Dona florinda! kkkkkkk
638	1mrmoose	"Metro Goldwyn Mayer Presents...Went With The Wind ""I saw it in the window, and I couldn't resist it."""
639	Wanda Foster	thank you.....I love this sooo much!
640	classick10	One of the most beautiful, heart-felt, and emotion-filled movie themes ever! Max Steiner is pure genius! I love how loud this video is! Teaches all these modern people to never forget the classics!
641	slugmom	this song totally encompasses the south back then: slow paced, gentle and elegante but with sting undertones and roots. i hear it and my chest gets tight, its so beautiful!
642	yuutapk	å£®å¤§ãªéŸ³æ¥½ãŒã¨ã¦ã‚‚ç´ æ•µã 
643	nesrin ogur	harikaaaaaaaaaaaaaaaaaaaaaaaaaaaaa sÃ¼peeeeeeeeeeeeeeeeeeeeeeeeeeeeer
644	na	This movie holds a special place in my heart. My mother loves this movie. She loves the book, the movie, the characters, everything about it. Because of that, I cherish and love it too. What a better time to say than on Mothers Day? Happy Mothers day everyone.
645	regulators88	There are so many amazing scences in this movie that I don't know which is my favorite! I hate that Brent and Stuart died, they were so funny!
646	marisa noelle	it sucks that they make us watch this in school becuz the kids are not mature enough the appreciate the movie and they think it is boring. so they hate it. me on the other hand, loves it.
647	Courtney Geltzeiler	The book is SOO much better, but never has a movie so fully copied the characters in a novel as this movie did. Almost scary really.
648	_Foxkatie_	loved the ending of this movie. idk why but i loved it
649	Frederico Bazzan Oaigen	"- ""Dona Florinda!"" - ""Professor Girafales!"""
650	More Life	@boy18inva nope...its not wierd at all!!! im a 17 yr old guy and i like this movie too!! who cares what ppl think? its a good movie!!
651	Doy Virginia	"I'm an 18 year old guy who finds myself liking more and more these movies from the 30's and 40's. I came across GWTW one day on TCM, and I was immediately swept-up into the story. I was totally into the great scenes and the music and the whole historical concept of the movie. It led me to another movie ""Mutiny on the Bounty"" which was awesome, and then ""Goodbye Mr. Chips"", ""Casablanca"", ""Treasure of the Sierra Madre"" . Is this wierd of me or something? I'm afraid to tell my friends."
652	Patricia White	@citybeat60 Yes, I will agree with you ;however , since this was a part of history good or bad it was the issue of the day and the movie was written from the book by Margaret Mitchell who was from Atlanta, Georgia. She was just telling it as it was during that era from stories about her own family and relatives who were veterans of that war. I hope some day history will be written for the truth about the War Between The States, like they say the winners write the history books.
653	The Unsnobby Film Snob	i have a knack for remembering themes to films and along with the obvious ones like singin in the rain, wizard of oz and stars wars Gone with the wind is there. its a shame so many people remember the film because of the final lines, the theme is one of the most beautiful ever written. EVER
654	Patricia White	@RotnPineapplesCinema Actually your right suh , but I am the one who is wrong on the date. You see I am Miss Scarlett O'Hara of Tara plantation in Clayton County , Georgia! I was actually just a young girl when that dredfull war started...
655	I don't Want to	@SoBelleofTN so your over 72 years old?
656	simsimmidomehomeofthesimsdalesimmidome	My favorite movie ever. No their film Oscar winning or nominated can hold a candle.
657	fcs360	And on the next day, God created a movie. And he called it Gone with the Wind.
658	JIM INAWAT	Lot's of memories came back when I heard it again ... after so many years. Hauntingly beautiful. Thank you for posting.
659	WallCat	"""Frankly my dear, I don't give a damn."" --Rhett Butler telling his Bitch to shut up. :)"
660	TOM JACKSON	Magnificently clear hi.def. pictures. You should be proud of your effort. I also enjoyed (it goes without saying) the beautiful music, thank you. Tom
661	Archeleusgod	My favourite book.
662	William Clay	We could had a beautiful memory of the south if just we hadn't enslaved our fellow man!!!
663	Marthalla Carrig	OMG every time i hear this music it gives my goose bumps!! MY ALL TIME FAV MOVIE!! love vivien leigh! and clark gable!! they dont make them like they used to! xoxo
664	hcurrie7	My favorite book and the most beautiful actress. I love Vivien Leigh
665	terminator847	Hitler watched this movie 5 times. It is said he always hated the US until he saw this movie.
666	EasyCompany Airborne	Austrian composer Max Steiner wrote this great music. How could be fail? His tutor as school was German legend Johannes Brahms (when the word legend meant something) and at university, he was taught by Gustav Mahler, who wrote some nice music also.
667	Eva Lopez	great viedo
668	b56123	Wonderful tribute!!!!!! Brillant pictures to go with a great score.Thanks
669	Thomas Bergman	Well done. The scenes matchces the music.
670	clamdraggin	@SoBelleofTN As a young man of 16...I worked as an usher at the Lowes Grand ...but years after this movie played there. Still....I had seen the clips and could imagine the opening. Atlanta history and GWTW are forever intertwined.
671	timelessmoviemagic	Such a beautiful piece of music,timeless music and a timeless film
672	jou1900	@SoBelleofTN I didn't understand
673	Vlad Sicoe	The movie's soundtrack is just wonderful, especially this song and the one from the end:) thanks for the upload :)
674	Matheus Campos	"-""Professor Girafales..."" -""Dona Florinda..."""
675	dizwiz96	Thank you, thanks for bringing this back to life for me. It is the most wondrerful movie ever made. Margret Mitchell made these parts for these actors as if she knew before hand. This movie can never be remade, changed or updated. It stand on it's own forever. I saw it on the big screen as a young girl. No t.v. showing can give it justice. Happiness, hardship, war, famine, love and much more this movie it the height of what a movie should be. Love all of it and the music is devine.
676	Gelinika	I saw this movie with my mama when i was a lil girl...sadly, she has gone with the wind...but i still have memories....one of my fav movies of all times..thank you!
677	Tom Kaiser	Visiting Natchez, Mississippi last fall hastened me to finally read and then watch Gone with the Wind in it's entirety. The film, as good as it is, doesn't bring justice to all the facets and concepts of the Old South that Ms. Mitchell brought forth in the book. It is indeed sad that the very best aspects of the Old South are not still with it and with us. But viewing the old homes of Natchez, which escaped the war's destruction was enjoyable - and I would like to return someday.
678	hermione838	"Wonderful vid. 1:07 ""Has the war started?"" I never fail to cry on this one. She kept pushing and pushing Rhett away until he wasn't there anymore and then she realizes just oh! too late."
679	Patricia White	"For more on this Book / Movie read: ""Rhett Butler's People"" an Authorized Novel based on Margaret Mitchell's Gone With The Wind. It is written by Donald McCaig, and it is a wonderful book that tells about Rhett's background, and what happens after he leaves Scarlett . I loved reading this book, almost as much as the GWTW novel, sooooo good! They should make a movie from this book to complete the saga."
680	Patricia White	Scarlett, was a spoiled daughter of an Irish family. I think Margaret Mitchell, wanted someone who could portray her exactly as Vivienne Leigh did. There were many who tried out for that part and none could be found until Vivienne showed up, great acting I think...She didn't realize she actually loved Rhett, until the end, blinded by her love /infatuation of Ashley Wilkes. As she grows up, she see who she really loves after all.
681	Patricia White	"Iï»¿ Love this movie, I was a small child living in Atlanta, Georgia when this move premiered there. ""Once there was a land of Cavaliers and Cotton Fields, called the Old South.....Here in this pretty world Gallantry took its last bow. Here was the last ever to be of Knights and of their ladies fair, of master and of slave....Look for it only in books for it is no more than a dream remembered.... A Civilization Gone With The Wind"". Thank you for bringing back the memories! Priceless!"
682	Nico	Vivienne Leigh's character Scarlet might have made her not very pretty, but Vivienne Leigh herself is indeed gorgeous and an astounding actress : D Like in the movie Waterloo Bridge gah! I cry every time!
683	Mirima Ulliel	gone with the wind is the best movie that i have ever seen! actually i think scarlett is not very pretty, but rhett is a good man, and i am so glad to see scarlett found that her favorite is rhett in the end! they are really a good couple!
684	Consuelo	Inolvidalble, bella, bella, no hay mas palabras
685	TheRealmsOfGold	"@chjkins: This is a really cool idea. Make sure you don't overlook the ""classical"" realmâ€”most of the art music of the 20th century is practically ignored, and some of it is inspired by the same tradition that Steiner's beautiful Gone With the Wind score hearkens to! People like Prokofiev and Korngold wrote for film as well as for the concert hall, and then there's Walton, Vaughan Williams, Bernstein... even Shostakovich and Ives might be up your alley. Check 'em out!"
686	Saskobest	best movie,actress,actor and best music ever.epic movie
687	Michiko Tanaka	My very favorite movie in the WHOLE WIDE WORLD. i am so glad it was made. it was SOOOOO ROMantic. i absolutley luv romances. great vid
688	Sam Sullivan	The true definition of film epic is Gone with the Wind. Simply unparalleled in American cinema before or after. And what music!
689	Carolyn Dorr	Great video! Great movie! Awesome actors! Will always be a favorite!
